document,language,variety,annotator_a,annotator_b,type,span_a_tokens,span_b_tokens,text_a,text_b,discr_type,gold_version
DE-CURRENT/2_Manually-Segmented/blog_bitblokes_1.tagged.tsv,DE,DE_CURRENT,A1,A5,partial_overlap,58:64,58:71,"Das sind die Bundesliga Paarungen ,","Das sind die Bundesliga Paarungen , die uns am 11. Spieltag erwarten :",subordination-relative clause,annotator_a
DE-CURRENT/2_Manually-Segmented/blog_bitblokes_1.tagged.tsv,DE,DE_CURRENT,A1,A5,partial_overlap,64:71,58:71,die uns am 11. Spieltag erwarten :,"Das sind die Bundesliga Paarungen , die uns am 11. Spieltag erwarten :",subordination-relative clause,annotator_a
DE-CURRENT/2_Manually-Segmented/blog_iphoneblog_1.tagged.tsv,DE,DE_CURRENT,A1,A5,partial_overlap,57:63,57:76,Die Benutzeroberfläche ist im Dunkelmodus dargestellt,"Die Benutzeroberfläche ist im Dunkelmodus dargestellt und zeigt Einstellungen , eine Aufgabenliste sowie das Erstellen einer neuen Erinnerung .",syntax-coordinated clause missed,annotator_a
DE-CURRENT/2_Manually-Segmented/blog_iphoneblog_1.tagged.tsv,DE,DE_CURRENT,A1,A5,partial_overlap,63:76,57:76,"und zeigt Einstellungen , eine Aufgabenliste sowie das Erstellen einer neuen Erinnerung .","Die Benutzeroberfläche ist im Dunkelmodus dargestellt und zeigt Einstellungen , eine Aufgabenliste sowie das Erstellen einer neuen Erinnerung .",syntax-coordinated clause missed,annotator_a
DE-CURRENT/2_Manually-Segmented/blog_iphoneblog_1.tagged.tsv,DE,DE_CURRENT,A1,A5,partial_overlap,76:81,76:90,Die App unterstützt natürliche Spracheingabe,Die App unterstützt natürliche Spracheingabe und bietet intelligente Vorschläge für Datum und Uhrzeit .,syntax-coordinated clause missed,annotator_a
DE-CURRENT/2_Manually-Segmented/blog_iphoneblog_1.tagged.tsv,DE,DE_CURRENT,A1,A5,partial_overlap,81:90,76:90,und bietet intelligente Vorschläge für Datum und Uhrzeit .,Die App unterstützt natürliche Spracheingabe und bietet intelligente Vorschläge für Datum und Uhrzeit .,syntax-coordinated clause missed,annotator_a
DE-CURRENT/2_Manually-Segmented/blog_literaturblog_1.tagged.tsv,DE,DE_CURRENT,A1,A5,partial_overlap,34:56,34:37,Feuilletons meiden sie und der Weg hinein zwischen zwei eigene Buchdeckel bliebt ihnen oftmals verwehrt : Einzelveröffentlichungen von Kinder- und Jugendgedichten .,Feuilletons meiden sie,syntax-coordinated clause missed,annotator_b
DE-CURRENT/2_Manually-Segmented/blog_literaturblog_1.tagged.tsv,DE,DE_CURRENT,A1,A5,partial_overlap,34:56,37:56,Feuilletons meiden sie und der Weg hinein zwischen zwei eigene Buchdeckel bliebt ihnen oftmals verwehrt : Einzelveröffentlichungen von Kinder- und Jugendgedichten .,und der Weg hinein zwischen zwei eigene Buchdeckel bliebt ihnen oftmals verwehrt : Einzelveröffentlichungen von Kinder- und Jugendgedichten .,syntax-coordinated clause missed,annotator_b
DE-CURRENT/2_Manually-Segmented/blog_literaturblog_1.tagged.tsv,DE,DE_CURRENT,A1,A5,partial_overlap,56:67,56:113,"Zugegeben , es gibt Ausnahmen in der Kinderlyrik wie zum Beispiel","Zugegeben , es gibt Ausnahmen in der Kinderlyrik wie zum Beispiel „ Das kleine Ich bin ich “ von Mira Lobe oder „ Der Leuchtturm auf den Hummerklippen “ von James Krüss oder „ Und außerdem sind Borsten schön “ von Nadja Budde . Oder „ Wo bleibt das Meer ? “ von Ted van Lieshout .",style-embedded example,annotator_b
DE-CURRENT/2_Manually-Segmented/blog_literaturblog_1.tagged.tsv,DE,DE_CURRENT,A1,A5,partial_overlap,67:77,56:113,„ Das kleine Ich bin ich “ von Mira Lobe,"Zugegeben , es gibt Ausnahmen in der Kinderlyrik wie zum Beispiel „ Das kleine Ich bin ich “ von Mira Lobe oder „ Der Leuchtturm auf den Hummerklippen “ von James Krüss oder „ Und außerdem sind Borsten schön “ von Nadja Budde . Oder „ Wo bleibt das Meer ? “ von Ted van Lieshout .",style-embedded example,annotator_b
DE-CURRENT/2_Manually-Segmented/blog_literaturblog_1.tagged.tsv,DE,DE_CURRENT,A1,A5,partial_overlap,77:88,56:113,oder „ Der Leuchtturm auf den Hummerklippen “ von James Krüss,"Zugegeben , es gibt Ausnahmen in der Kinderlyrik wie zum Beispiel „ Das kleine Ich bin ich “ von Mira Lobe oder „ Der Leuchtturm auf den Hummerklippen “ von James Krüss oder „ Und außerdem sind Borsten schön “ von Nadja Budde . Oder „ Wo bleibt das Meer ? “ von Ted van Lieshout .",style-embedded example,annotator_b
DE-CURRENT/2_Manually-Segmented/blog_literaturblog_1.tagged.tsv,DE,DE_CURRENT,A1,A5,partial_overlap,88:100,56:113,oder „ Und außerdem sind Borsten schön “ von Nadja Budde .,"Zugegeben , es gibt Ausnahmen in der Kinderlyrik wie zum Beispiel „ Das kleine Ich bin ich “ von Mira Lobe oder „ Der Leuchtturm auf den Hummerklippen “ von James Krüss oder „ Und außerdem sind Borsten schön “ von Nadja Budde . Oder „ Wo bleibt das Meer ? “ von Ted van Lieshout .",style-embedded example,annotator_b
DE-CURRENT/2_Manually-Segmented/blog_literaturblog_1.tagged.tsv,DE,DE_CURRENT,A1,A5,partial_overlap,100:113,56:113,Oder „ Wo bleibt das Meer ? “ von Ted van Lieshout .,"Zugegeben , es gibt Ausnahmen in der Kinderlyrik wie zum Beispiel „ Das kleine Ich bin ich “ von Mira Lobe oder „ Der Leuchtturm auf den Hummerklippen “ von James Krüss oder „ Und außerdem sind Borsten schön “ von Nadja Budde . Oder „ Wo bleibt das Meer ? “ von Ted van Lieshout .",style-embedded example,annotator_b
DE-CURRENT/2_Manually-Segmented/blog_literaturblog_1.tagged.tsv,DE,DE_CURRENT,A1,A5,partial_overlap,113:137,113:131,"Der niederländische Autor , Grafiker , Illustrator zeichnet sich durch eine Vielfalt literarischer / bildnerischer Werke aus : Romane , Gedichte , Hörspiele …","Der niederländische Autor , Grafiker , Illustrator zeichnet sich durch eine Vielfalt literarischer / bildnerischer Werke aus :",style-embedded example,annotator_a
DE-CURRENT/2_Manually-Segmented/blog_literaturblog_1.tagged.tsv,DE,DE_CURRENT,A1,A5,partial_overlap,113:137,131:166,"Der niederländische Autor , Grafiker , Illustrator zeichnet sich durch eine Vielfalt literarischer / bildnerischer Werke aus : Romane , Gedichte , Hörspiele …","Romane , Gedichte , Hörspiele … Eine Zusammenstellung seiner Gedichte der letzten dreißig Jahre erscheint zum ersten Mal in deutscher Übersetzung ( Rolf Erdorf ) im Susanna Rieder Verlag . Und zwar als Einzelveröffentlichung !",syntax-sentence boundary,annotator_a
DE-CURRENT/2_Manually-Segmented/blog_literaturblog_1.tagged.tsv,DE,DE_CURRENT,A1,A5,partial_overlap,137:161,131:166,Eine Zusammenstellung seiner Gedichte der letzten dreißig Jahre erscheint zum ersten Mal in deutscher Übersetzung ( Rolf Erdorf ) im Susanna Rieder Verlag .,"Romane , Gedichte , Hörspiele … Eine Zusammenstellung seiner Gedichte der letzten dreißig Jahre erscheint zum ersten Mal in deutscher Übersetzung ( Rolf Erdorf ) im Susanna Rieder Verlag . Und zwar als Einzelveröffentlichung !",syntax-sentence boundary,annotator_a
DE-CURRENT/2_Manually-Segmented/blog_literaturblog_1.tagged.tsv,DE,DE_CURRENT,A1,A5,partial_overlap,161:166,131:166,Und zwar als Einzelveröffentlichung !,"Romane , Gedichte , Hörspiele … Eine Zusammenstellung seiner Gedichte der letzten dreißig Jahre erscheint zum ersten Mal in deutscher Übersetzung ( Rolf Erdorf ) im Susanna Rieder Verlag . Und zwar als Einzelveröffentlichung !",syntax-verbless,annotator_a
DE-CURRENT/2_Manually-Segmented/blog_literaturblog_1.tagged.tsv,DE,DE_CURRENT,A1,A5,partial_overlap,166:170,166:180,"Wie ist es ,","Wie ist es , wenn man sich auf der Schwelle zum Erwachsenensein befindet ?",subordination-conditional,annotator_a
DE-CURRENT/2_Manually-Segmented/blog_literaturblog_1.tagged.tsv,DE,DE_CURRENT,A1,A5,partial_overlap,170:180,166:180,wenn man sich auf der Schwelle zum Erwachsenensein befindet ?,"Wie ist es , wenn man sich auf der Schwelle zum Erwachsenensein befindet ?",subordination-conditional,annotator_a
DE-CURRENT/2_Manually-Segmented/blog_literaturblog_1.tagged.tsv,DE,DE_CURRENT,A1,A5,partial_overlap,259:264,259:278,"Wie ist es also ,","Wie ist es also , wenn einen die Eltern nerven , gleichzeitig sich aber die Sorge breit macht ?",subordination-conditional,annotator_a
DE-CURRENT/2_Manually-Segmented/blog_literaturblog_1.tagged.tsv,DE,DE_CURRENT,A1,A5,partial_overlap,264:270,259:278,"wenn einen die Eltern nerven ,","Wie ist es also , wenn einen die Eltern nerven , gleichzeitig sich aber die Sorge breit macht ?",subordination-conditional,annotator_a
DE-CURRENT/2_Manually-Segmented/blog_literaturblog_1.tagged.tsv,DE,DE_CURRENT,A1,A5,partial_overlap,270:278,259:278,gleichzeitig sich aber die Sorge breit macht ?,"Wie ist es also , wenn einen die Eltern nerven , gleichzeitig sich aber die Sorge breit macht ?",syntax-coordinated clause missed,annotator_a
DE-CURRENT/2_Manually-Segmented/blog_literaturblog_1.tagged.tsv,DE,DE_CURRENT,A1,A5,partial_overlap,307:317,307:325,und keiner in der Welt es noch weiß ? “,"und keiner in der Welt es noch weiß ? “ ( „ Mutter “ , S. 31 )",other-arbitrary boundary,annotator_b
DE-CURRENT/2_Manually-Segmented/blog_literaturblog_1.tagged.tsv,DE,DE_CURRENT,A1,A5,partial_overlap,317:325,307:325,"( „ Mutter “ , S. 31 )","und keiner in der Welt es noch weiß ? “ ( „ Mutter “ , S. 31 )",other-arbitrary boundary,annotator_b
DE-CURRENT/2_Manually-Segmented/blog_literaturblog_1.tagged.tsv,DE,DE_CURRENT,A1,A5,partial_overlap,340:349,340:350,„ Ich schwebe über allem dahin / im Geheimen,„ Ich schwebe über allem dahin / im Geheimen –,orthography-dash,annotator_b
DE-CURRENT/2_Manually-Segmented/blog_literaturblog_1.tagged.tsv,DE,DE_CURRENT,A1,A5,partial_overlap,349:360,340:350,"– denn wie Welt weiß / noch nicht so recht ,",„ Ich schwebe über allem dahin / im Geheimen –,orthography-dash,annotator_b
DE-CURRENT/2_Manually-Segmented/blog_literaturblog_1.tagged.tsv,DE,DE_CURRENT,A1,A5,partial_overlap,349:360,350:360,"– denn wie Welt weiß / noch nicht so recht ,","denn wie Welt weiß / noch nicht so recht ,",orthography-dash,annotator_b
DE-CURRENT/2_Manually-Segmented/blog_literaturblog_1.tagged.tsv,DE,DE_CURRENT,A1,A5,partial_overlap,365:376,365:377,"Ich muss mich manchmal auch noch / an mich gewöhnen ,","Ich muss mich manchmal auch noch / an mich gewöhnen , /",orthography-slash,annotator_b
DE-CURRENT/2_Manually-Segmented/blog_literaturblog_1.tagged.tsv,DE,DE_CURRENT,A1,A5,partial_overlap,376:384,365:377,/ doch mein Vorsprung ist schon groß .,"Ich muss mich manchmal auch noch / an mich gewöhnen , /",orthography-slash,annotator_b
DE-CURRENT/2_Manually-Segmented/blog_literaturblog_1.tagged.tsv,DE,DE_CURRENT,A1,A5,partial_overlap,376:384,377:384,/ doch mein Vorsprung ist schon groß .,doch mein Vorsprung ist schon groß .,orthography-slash,annotator_b
DE-CURRENT/2_Manually-Segmented/blog_literaturblog_1.tagged.tsv,DE,DE_CURRENT,A1,A5,partial_overlap,403:413,403:420,Und eine Biege / ist auch eine Verbeugung . “,"Und eine Biege / ist auch eine Verbeugung . “ ( „ Verbeugung “ , S.15 )",other-arbitrary boundary,annotator_b
DE-CURRENT/2_Manually-Segmented/blog_literaturblog_1.tagged.tsv,DE,DE_CURRENT,A1,A5,partial_overlap,413:420,403:420,"( „ Verbeugung “ , S.15 )","Und eine Biege / ist auch eine Verbeugung . “ ( „ Verbeugung “ , S.15 )",other-arbitrary boundary,annotator_b
DE-CURRENT/2_Manually-Segmented/blog_literaturblog_1.tagged.tsv,DE,DE_CURRENT,A1,A5,partial_overlap,468:478,468:487,"Jetzt muss ich hinüber , ehe es taut . “","Jetzt muss ich hinüber , ehe es taut . “ ( „ Gefrorene Sprechblasen “ , S. 51 )",other-arbitrary boundary,annotator_b
DE-CURRENT/2_Manually-Segmented/blog_literaturblog_1.tagged.tsv,DE,DE_CURRENT,A1,A5,partial_overlap,478:487,468:487,"( „ Gefrorene Sprechblasen “ , S. 51 )","Jetzt muss ich hinüber , ehe es taut . “ ( „ Gefrorene Sprechblasen “ , S. 51 )",other-arbitrary boundary,annotator_b
DE-CURRENT/2_Manually-Segmented/blog_literaturblog_1.tagged.tsv,DE,DE_CURRENT,A1,A5,partial_overlap,500:510,500:509,"Ach , wo bleibt / doch das Meer ? …","Ach , wo bleibt / doch das Meer ?",orthography-dotdotdot,annotator_a
DE-CURRENT/2_Manually-Segmented/blog_literaturblog_1.tagged.tsv,DE,DE_CURRENT,A1,A5,partial_overlap,500:510,509:518,"Ach , wo bleibt / doch das Meer ? …",… Die Dünen / wollen ins Wasser / gehen,orthography-dotdotdot,annotator_a
DE-CURRENT/2_Manually-Segmented/blog_literaturblog_1.tagged.tsv,DE,DE_CURRENT,A1,A5,partial_overlap,510:518,509:518,Die Dünen / wollen ins Wasser / gehen,… Die Dünen / wollen ins Wasser / gehen,orthography-dotdotdot,annotator_a
DE-CURRENT/2_Manually-Segmented/blog_literaturblog_1.tagged.tsv,DE,DE_CURRENT,A1,A5,partial_overlap,541:564,541:555,"In einfachen Linien kommt eine Angelschnur daher , ein Papageifisch , ein Swimmingpool , im Wasser zeigt sich die Flosse eines Hais ;","In einfachen Linien kommt eine Angelschnur daher , ein Papageifisch , ein Swimmingpool ,",syntax-coordinated clause missed,annotator_b
DE-CURRENT/2_Manually-Segmented/blog_literaturblog_1.tagged.tsv,DE,DE_CURRENT,A1,A5,partial_overlap,541:564,555:564,"In einfachen Linien kommt eine Angelschnur daher , ein Papageifisch , ein Swimmingpool , im Wasser zeigt sich die Flosse eines Hais ;",im Wasser zeigt sich die Flosse eines Hais ;,syntax-coordinated clause missed,annotator_b
DE-CURRENT/2_Manually-Segmented/blog_phantanews_1.tagged.tsv,DE,DE_CURRENT,A1,A5,partial_overlap,153:158,153:168,"denn längst nicht jede ,","denn längst nicht jede , die links ist , ist deswegen auch gleich linksextrem .",style-inlay,annotator_a
DE-CURRENT/2_Manually-Segmented/blog_phantanews_1.tagged.tsv,DE,DE_CURRENT,A1,A5,partial_overlap,158:162,153:168,"die links ist ,","denn längst nicht jede , die links ist , ist deswegen auch gleich linksextrem .",style-inlay,annotator_a
DE-CURRENT/2_Manually-Segmented/blog_phantanews_1.tagged.tsv,DE,DE_CURRENT,A1,A5,partial_overlap,162:168,153:168,ist deswegen auch gleich linksextrem .,"denn längst nicht jede , die links ist , ist deswegen auch gleich linksextrem .",style-inlay,annotator_a
DE-CURRENT/2_Manually-Segmented/blog_phantanews_1.tagged.tsv,DE,DE_CURRENT,A1,A5,partial_overlap,317:330,317:358,"Vorgeschoben werden » verfassungsschutzrelevante Erkenntnisse « , ohne jedoch irgendwelche Details zu nennen","Vorgeschoben werden » verfassungsschutzrelevante Erkenntnisse « , ohne jedoch irgendwelche Details zu nennen ( vorgeschoben als Grund , dass keine Details genannt werden , sei » Geheimnisschutz « , lächerlich ) , sowie ein umstrittener Erlass aus dem Jahr 2017 ,",style-inlay,annotator_a
DE-CURRENT/2_Manually-Segmented/blog_phantanews_1.tagged.tsv,DE,DE_CURRENT,A1,A5,partial_overlap,330:335,317:358,"( vorgeschoben als Grund ,","Vorgeschoben werden » verfassungsschutzrelevante Erkenntnisse « , ohne jedoch irgendwelche Details zu nennen ( vorgeschoben als Grund , dass keine Details genannt werden , sei » Geheimnisschutz « , lächerlich ) , sowie ein umstrittener Erlass aus dem Jahr 2017 ,",style-inlay,annotator_a
DE-CURRENT/2_Manually-Segmented/blog_phantanews_1.tagged.tsv,DE,DE_CURRENT,A1,A5,partial_overlap,335:341,317:358,"dass keine Details genannt werden ,","Vorgeschoben werden » verfassungsschutzrelevante Erkenntnisse « , ohne jedoch irgendwelche Details zu nennen ( vorgeschoben als Grund , dass keine Details genannt werden , sei » Geheimnisschutz « , lächerlich ) , sowie ein umstrittener Erlass aus dem Jahr 2017 ,",style-inlay,annotator_a
DE-CURRENT/2_Manually-Segmented/blog_phantanews_1.tagged.tsv,DE,DE_CURRENT,A1,A5,partial_overlap,341:349,317:358,"sei » Geheimnisschutz « , lächerlich ) ,","Vorgeschoben werden » verfassungsschutzrelevante Erkenntnisse « , ohne jedoch irgendwelche Details zu nennen ( vorgeschoben als Grund , dass keine Details genannt werden , sei » Geheimnisschutz « , lächerlich ) , sowie ein umstrittener Erlass aus dem Jahr 2017 ,",style-inlay,annotator_a
DE-CURRENT/2_Manually-Segmented/blog_phantanews_1.tagged.tsv,DE,DE_CURRENT,A1,A5,partial_overlap,349:358,317:358,"sowie ein umstrittener Erlass aus dem Jahr 2017 ,","Vorgeschoben werden » verfassungsschutzrelevante Erkenntnisse « , ohne jedoch irgendwelche Details zu nennen ( vorgeschoben als Grund , dass keine Details genannt werden , sei » Geheimnisschutz « , lächerlich ) , sowie ein umstrittener Erlass aus dem Jahr 2017 ,",style-inlay,annotator_a
DE-CURRENT/2_Manually-Segmented/blog_phantanews_1.tagged.tsv,DE,DE_CURRENT,A1,A5,partial_overlap,367:378,367:382,Das sogenannte » Haber-Verfahren « wird seit 2004 vom Bundesinnenministerium angeboten,"Das sogenannte » Haber-Verfahren « wird seit 2004 vom Bundesinnenministerium angeboten und soll verhindern ,",syntax-coordinated clause missed,annotator_a
DE-CURRENT/2_Manually-Segmented/blog_phantanews_1.tagged.tsv,DE,DE_CURRENT,A1,A5,partial_overlap,378:382,367:382,"und soll verhindern ,","Das sogenannte » Haber-Verfahren « wird seit 2004 vom Bundesinnenministerium angeboten und soll verhindern ,",syntax-coordinated clause missed,annotator_a
DE-CURRENT/2_Manually-Segmented/blog_phantanews_1.tagged.tsv,DE,DE_CURRENT,A1,A5,partial_overlap,382:387,382:388,dass Extremisten staatliche Fördergelder erhalten,dass Extremisten staatliche Fördergelder erhalten –,orthography-dash,annotator_b
DE-CURRENT/2_Manually-Segmented/blog_phantanews_1.tagged.tsv,DE,DE_CURRENT,A1,A5,partial_overlap,387:398,382:388,– hat Dobrindt also auch noch seine Finger im Spiel ?,dass Extremisten staatliche Fördergelder erhalten –,orthography-dash,annotator_b
DE-CURRENT/2_Manually-Segmented/blog_phantanews_1.tagged.tsv,DE,DE_CURRENT,A1,A5,partial_overlap,387:398,388:398,– hat Dobrindt also auch noch seine Finger im Spiel ?,hat Dobrindt also auch noch seine Finger im Spiel ?,orthography-dash,annotator_b
DE-CURRENT/2_Manually-Segmented/blog_phantanews_1.tagged.tsv,DE,DE_CURRENT,A1,A5,partial_overlap,438:454,438:463,dass Bundesregierung und Weimer in beinahe verzweifelt anmutender Weise nach Gründen für den Ausschluss gesucht haben,dass Bundesregierung und Weimer in beinahe verzweifelt anmutender Weise nach Gründen für den Ausschluss gesucht haben – und seien sie auch noch so fadenscheinig .,style-inlay,annotator_a
DE-CURRENT/2_Manually-Segmented/blog_phantanews_1.tagged.tsv,DE,DE_CURRENT,A1,A5,partial_overlap,454:463,438:463,– und seien sie auch noch so fadenscheinig .,dass Bundesregierung und Weimer in beinahe verzweifelt anmutender Weise nach Gründen für den Ausschluss gesucht haben – und seien sie auch noch so fadenscheinig .,style-inlay,annotator_a
DE-CURRENT/2_Manually-Segmented/blog_phantanews_1.tagged.tsv,DE,DE_CURRENT,A1,A5,partial_overlap,611:620,611:628,die sich mehr und mehr am rechten Rand anbiedern,die sich mehr und mehr am rechten Rand anbiedern und den demokratischen Boden offenbar verlassen möchten .,syntax-coordinated clause missed,annotator_a
DE-CURRENT/2_Manually-Segmented/blog_phantanews_1.tagged.tsv,DE,DE_CURRENT,A1,A5,partial_overlap,620:628,611:628,und den demokratischen Boden offenbar verlassen möchten .,die sich mehr und mehr am rechten Rand anbiedern und den demokratischen Boden offenbar verlassen möchten .,syntax-coordinated clause missed,annotator_a
DE-CURRENT/2_Manually-Segmented/blog_phantanews_1.tagged.tsv,DE,DE_CURRENT,A1,A5,partial_overlap,702:712,702:718,Das Prüfverfahren und die Ergebnisse bleiben für die Betroffenen geheim,Das Prüfverfahren und die Ergebnisse bleiben für die Betroffenen geheim und sind somit nicht anfechtbar .,syntax-coordinated clause missed,annotator_a
DE-CURRENT/2_Manually-Segmented/blog_phantanews_1.tagged.tsv,DE,DE_CURRENT,A1,A5,partial_overlap,712:718,702:718,und sind somit nicht anfechtbar .,Das Prüfverfahren und die Ergebnisse bleiben für die Betroffenen geheim und sind somit nicht anfechtbar .,syntax-coordinated clause missed,annotator_a
DE-CURRENT/2_Manually-Segmented/blog_phantanews_1.tagged.tsv,DE,DE_CURRENT,A1,A5,partial_overlap,882:892,882:899,"dann sind wir auf dem besten Weg zu Zuständen ,","dann sind wir auf dem besten Weg zu Zuständen , wie sie in den USA herrschen .",syntax-coordinated clause missed,annotator_a
DE-CURRENT/2_Manually-Segmented/blog_phantanews_1.tagged.tsv,DE,DE_CURRENT,A1,A5,partial_overlap,892:899,882:899,wie sie in den USA herrschen .,"dann sind wir auf dem besten Weg zu Zuständen , wie sie in den USA herrschen .",syntax-coordinated clause missed,annotator_a
DE-CURRENT/2_Manually-Segmented/blog_phantanews_1.tagged.tsv,DE,DE_CURRENT,A1,A5,partial_overlap,942:963,942:946,"Wäre doch schade , wenn dort plötzlich Bücher und / oder Gutscheine in rauen Mengen bestellt werden würden , oder ?","Wäre doch schade ,",syntax-coordinated clause missed,annotator_b
DE-CURRENT/2_Manually-Segmented/blog_phantanews_1.tagged.tsv,DE,DE_CURRENT,A1,A5,partial_overlap,942:963,946:963,"Wäre doch schade , wenn dort plötzlich Bücher und / oder Gutscheine in rauen Mengen bestellt werden würden , oder ?","wenn dort plötzlich Bücher und / oder Gutscheine in rauen Mengen bestellt werden würden , oder ?",syntax-coordinated clause missed,annotator_b
DE-CURRENT/2_Manually-Segmented/wiki_lit_1.tagged.tsv,DE,DE_CURRENT,A1,A5,partial_overlap,261:277,261:302,"Die Neudefinition des Wortes geschah im Wesentlichen unter Einfluss neuer Literaturzeitschriften und ihnen folgender Literaturgeschichten ,","Die Neudefinition des Wortes geschah im Wesentlichen unter Einfluss neuer Literaturzeitschriften und ihnen folgender Literaturgeschichten , die zwischen 1730 und 1830 sich schrittweise den belles lettres , den schönen Wissenschaften öffneten , dem Bereich modischer und eleganter Bücher des internationalen Marktes",subordination-relative clause,annotator_a
DE-CURRENT/2_Manually-Segmented/wiki_lit_1.tagged.tsv,DE,DE_CURRENT,A1,A5,partial_overlap,277:293,261:302,"die zwischen 1730 und 1830 sich schrittweise den belles lettres , den schönen Wissenschaften öffneten ,","Die Neudefinition des Wortes geschah im Wesentlichen unter Einfluss neuer Literaturzeitschriften und ihnen folgender Literaturgeschichten , die zwischen 1730 und 1830 sich schrittweise den belles lettres , den schönen Wissenschaften öffneten , dem Bereich modischer und eleganter Bücher des internationalen Marktes",subordination-relative clause,annotator_a
DE-CURRENT/2_Manually-Segmented/wiki_lit_1.tagged.tsv,DE,DE_CURRENT,A1,A5,partial_overlap,293:313,261:302,dem Bereich modischer und eleganter Bücher des internationalen Marktes und die dabei Werken der Poesie ein zentrales Interesse schenkten .,"Die Neudefinition des Wortes geschah im Wesentlichen unter Einfluss neuer Literaturzeitschriften und ihnen folgender Literaturgeschichten , die zwischen 1730 und 1830 sich schrittweise den belles lettres , den schönen Wissenschaften öffneten , dem Bereich modischer und eleganter Bücher des internationalen Marktes",subordination-relative clause,annotator_a
DE-CURRENT/2_Manually-Segmented/wiki_lit_1.tagged.tsv,DE,DE_CURRENT,A1,A5,partial_overlap,293:313,302:313,dem Bereich modischer und eleganter Bücher des internationalen Marktes und die dabei Werken der Poesie ein zentrales Interesse schenkten .,und die dabei Werken der Poesie ein zentrales Interesse schenkten .,syntax-sentence boundary,annotator_a
DE-CURRENT/2_Manually-Segmented/wiki_lit_1.tagged.tsv,DE,DE_CURRENT,A1,A5,partial_overlap,340:361,340:350,"gruppiert wird unter den zentralen „ literarischen Gattungen “ , die im Blick auf die Aristotelische Poetik neu definiert wurden ,","gruppiert wird unter den zentralen „ literarischen Gattungen “ ,",subordination-relative clause,annotator_b
DE-CURRENT/2_Manually-Segmented/wiki_lit_1.tagged.tsv,DE,DE_CURRENT,A1,A5,partial_overlap,340:361,350:361,"gruppiert wird unter den zentralen „ literarischen Gattungen “ , die im Blick auf die Aristotelische Poetik neu definiert wurden ,","die im Blick auf die Aristotelische Poetik neu definiert wurden ,",subordination-relative clause,annotator_b
DE-CURRENT/2_Manually-Segmented/wiki_lit_1.tagged.tsv,DE,DE_CURRENT,A1,A5,partial_overlap,427:440,427:447,"die die Ausgestaltung der nationalen Literaturen im 19. Jahrhundert im Wesentlichen vorantrieben ,","die die Ausgestaltung der nationalen Literaturen im 19. Jahrhundert im Wesentlichen vorantrieben , nahezu ausschließlich „ hohe “ Literatur .",other-arbitrary boundary,annotator_b
DE-CURRENT/2_Manually-Segmented/wiki_lit_1.tagged.tsv,DE,DE_CURRENT,A1,A5,partial_overlap,440:447,427:447,nahezu ausschließlich „ hohe “ Literatur .,"die die Ausgestaltung der nationalen Literaturen im 19. Jahrhundert im Wesentlichen vorantrieben , nahezu ausschließlich „ hohe “ Literatur .",other-arbitrary boundary,annotator_b
DE-CURRENT/2_Manually-Segmented/wiki_lit_1.tagged.tsv,DE,DE_CURRENT,A1,A5,partial_overlap,455:464,455:472,"ist seitdem Gegenstand einer Debatte um die Bedeutung ,","ist seitdem Gegenstand einer Debatte um die Bedeutung , die Werke in der jeweiligen Gesellschaft gewinnen .",subordination-relative clause,annotator_a
DE-CURRENT/2_Manually-Segmented/wiki_lit_1.tagged.tsv,DE,DE_CURRENT,A1,A5,partial_overlap,464:472,455:472,die Werke in der jeweiligen Gesellschaft gewinnen .,"ist seitdem Gegenstand einer Debatte um die Bedeutung , die Werke in der jeweiligen Gesellschaft gewinnen .",subordination-relative clause,annotator_a
DE-CURRENT/2_Manually-Segmented/wiki_lit_1.tagged.tsv,DE,DE_CURRENT,A1,A5,partial_overlap,472:495,472:502,"Der jeweilige „ Kanon “ einer Nationalliteratur wird in der öffentlichen ( und angreifbaren ) Würdigung der „ künstlerischen “ Qualität festgelegt ,","Der jeweilige „ Kanon “ einer Nationalliteratur wird in der öffentlichen ( und angreifbaren ) Würdigung der „ künstlerischen “ Qualität festgelegt , sowie in kontroversen Textinterpretationen der Fiktionen ,",subordination-relative clause,annotator_a
DE-CURRENT/2_Manually-Segmented/wiki_lit_1.tagged.tsv,DE,DE_CURRENT,A1,A5,partial_overlap,495:508,472:502,"sowie in kontroversen Textinterpretationen der Fiktionen , die Titeln tiefere Bedeutung zusprechen .","Der jeweilige „ Kanon “ einer Nationalliteratur wird in der öffentlichen ( und angreifbaren ) Würdigung der „ künstlerischen “ Qualität festgelegt , sowie in kontroversen Textinterpretationen der Fiktionen ,",other-arbitrary boundary,annotator_a
DE-CURRENT/2_Manually-Segmented/wiki_lit_1.tagged.tsv,DE,DE_CURRENT,A1,A5,partial_overlap,495:508,502:508,"sowie in kontroversen Textinterpretationen der Fiktionen , die Titeln tiefere Bedeutung zusprechen .",die Titeln tiefere Bedeutung zusprechen .,other-arbitrary boundary,annotator_a
DE-CURRENT/2_Manually-Segmented/wiki_lit_1.tagged.tsv,DE,DE_CURRENT,A1,A5,partial_overlap,580:586,580:583,Siehe dazu : Digitale Schriftlichkeit .,Siehe dazu :,other-arbitrary boundary,annotator_a
DE-CURRENT/2_Manually-Segmented/wiki_lit_1.tagged.tsv,DE,DE_CURRENT,A1,A5,partial_overlap,580:586,583:586,Siehe dazu : Digitale Schriftlichkeit .,Digitale Schriftlichkeit .,other-arbitrary boundary,annotator_a
DE-CURRENT/2_Manually-Segmented/wiki_lit_1.tagged.tsv,DE,DE_CURRENT,A1,A5,partial_overlap,727:733,727:737,Leser beiderlei Geschlechts lasen diese Ware,"Leser beiderlei Geschlechts lasen diese Ware und bestanden darauf ,",syntax-coordinated clause missed,annotator_a
DE-CURRENT/2_Manually-Segmented/wiki_lit_1.tagged.tsv,DE,DE_CURRENT,A1,A5,partial_overlap,733:737,727:737,"und bestanden darauf ,","Leser beiderlei Geschlechts lasen diese Ware und bestanden darauf ,",syntax-coordinated clause missed,annotator_a
DE-CURRENT/2_Manually-Segmented/wiki_wald_1.tagged.tsv,DE,DE_CURRENT,A1,A5,partial_overlap,20:25,20:37,der von Bäumen dominiert wird,"der von Bäumen dominiert wird und eine gewisse , vom Deutungszusammenhang abhängige Mindestdeckung und Mindestgröße überschreitet .",syntax-coordinated clause missed,annotator_a
DE-CURRENT/2_Manually-Segmented/wiki_wald_1.tagged.tsv,DE,DE_CURRENT,A1,A5,partial_overlap,25:37,20:37,"und eine gewisse , vom Deutungszusammenhang abhängige Mindestdeckung und Mindestgröße überschreitet .","der von Bäumen dominiert wird und eine gewisse , vom Deutungszusammenhang abhängige Mindestdeckung und Mindestgröße überschreitet .",syntax-coordinated clause missed,annotator_a
DE-CURRENT/2_Manually-Segmented/wiki_wald_1.tagged.tsv,DE,DE_CURRENT,A1,A5,partial_overlap,89:97,89:104,die „ im Wesentlichen aus Bäumen aufgebaut ist,"die „ im Wesentlichen aus Bäumen aufgebaut ist und eine so große Fläche bedeckt ,",subordination-comparison,annotator_a
DE-CURRENT/2_Manually-Segmented/wiki_wald_1.tagged.tsv,DE,DE_CURRENT,A1,A5,partial_overlap,97:104,89:104,"und eine so große Fläche bedeckt ,","die „ im Wesentlichen aus Bäumen aufgebaut ist und eine so große Fläche bedeckt ,",subordination-comparison,annotator_a
DE-CURRENT/2_Manually-Segmented/wiki_wald_1.tagged.tsv,DE,DE_CURRENT,A1,A5,partial_overlap,222:230,222:236,Zu den Bedeutungsrändern hin wird der Begriff unscharf,"Zu den Bedeutungsrändern hin wird der Begriff unscharf und umfasst Flächen und Vegetationsformen ,",syntax-coordinated clause missed,annotator_a
DE-CURRENT/2_Manually-Segmented/wiki_wald_1.tagged.tsv,DE,DE_CURRENT,A1,A5,partial_overlap,230:236,222:236,"und umfasst Flächen und Vegetationsformen ,","Zu den Bedeutungsrändern hin wird der Begriff unscharf und umfasst Flächen und Vegetationsformen ,",syntax-coordinated clause missed,annotator_a
DE-CURRENT/2_Manually-Segmented/wiki_wald_1.tagged.tsv,DE,DE_CURRENT,A1,A5,partial_overlap,251:313,251:285,"Bei einem weltweiten Überblick wurden allein in juristischem Zusammenhang 63 voneinander verschiedene , nationale Definitionen von „ Wald “ gezählt , für den für die Definition wesentlichen Begriff „ Baum “ 149 Definitionen.[2 ] Wichtig ist die Abgrenzung zum Beispiel gegenüber Plantagen aus Baumarten ( zum Beispiel auch Energieholz-Plantagen , Ölpalmen-Plantagen[5 ] ) baumbestandenen Parks und Grünanlagen , zumindest teilweise baumbestandenem Weideland","Bei einem weltweiten Überblick wurden allein in juristischem Zusammenhang 63 voneinander verschiedene , nationale Definitionen von „ Wald “ gezählt , für den für die Definition wesentlichen Begriff „ Baum “ 149 Definitionen.[2 ]",syntax-sentence boundary,annotator_b
DE-CURRENT/2_Manually-Segmented/wiki_wald_1.tagged.tsv,DE,DE_CURRENT,A1,A5,partial_overlap,251:313,285:349,"Bei einem weltweiten Überblick wurden allein in juristischem Zusammenhang 63 voneinander verschiedene , nationale Definitionen von „ Wald “ gezählt , für den für die Definition wesentlichen Begriff „ Baum “ 149 Definitionen.[2 ] Wichtig ist die Abgrenzung zum Beispiel gegenüber Plantagen aus Baumarten ( zum Beispiel auch Energieholz-Plantagen , Ölpalmen-Plantagen[5 ] ) baumbestandenen Parks und Grünanlagen , zumindest teilweise baumbestandenem Weideland","Wichtig ist die Abgrenzung zum Beispiel gegenüber Plantagen aus Baumarten ( zum Beispiel auch Energieholz-Plantagen , Ölpalmen-Plantagen[5 ] ) baumbestandenen Parks und Grünanlagen , zumindest teilweise baumbestandenem Weideland ( im englischen Sprachraum unter rangeland gefasst , z. B. auch Almen)[6 ] und offenen , zum Beispiel durch Beweidung oder Übernutzung degradierten , nur teilweise baumbestandenen Flächen , aber auch natürlicherweise teilweise offenen Baumsavannen .",syntax-sentence boundary,annotator_b
DE-CURRENT/2_Manually-Segmented/wiki_wald_1.tagged.tsv,DE,DE_CURRENT,A1,A5,partial_overlap,313:326,285:349,"( im englischen Sprachraum unter rangeland gefasst , z. B. auch Almen)[6 ]","Wichtig ist die Abgrenzung zum Beispiel gegenüber Plantagen aus Baumarten ( zum Beispiel auch Energieholz-Plantagen , Ölpalmen-Plantagen[5 ] ) baumbestandenen Parks und Grünanlagen , zumindest teilweise baumbestandenem Weideland ( im englischen Sprachraum unter rangeland gefasst , z. B. auch Almen)[6 ] und offenen , zum Beispiel durch Beweidung oder Übernutzung degradierten , nur teilweise baumbestandenen Flächen , aber auch natürlicherweise teilweise offenen Baumsavannen .",style-embedded example,annotator_b
DE-CURRENT/2_Manually-Segmented/wiki_wald_1.tagged.tsv,DE,DE_CURRENT,A1,A5,partial_overlap,326:337,285:349,"und offenen , zum Beispiel durch Beweidung oder Übernutzung degradierten ,","Wichtig ist die Abgrenzung zum Beispiel gegenüber Plantagen aus Baumarten ( zum Beispiel auch Energieholz-Plantagen , Ölpalmen-Plantagen[5 ] ) baumbestandenen Parks und Grünanlagen , zumindest teilweise baumbestandenem Weideland ( im englischen Sprachraum unter rangeland gefasst , z. B. auch Almen)[6 ] und offenen , zum Beispiel durch Beweidung oder Übernutzung degradierten , nur teilweise baumbestandenen Flächen , aber auch natürlicherweise teilweise offenen Baumsavannen .",style-embedded example,annotator_b
DE-CURRENT/2_Manually-Segmented/wiki_wald_1.tagged.tsv,DE,DE_CURRENT,A1,A5,partial_overlap,337:349,285:349,"nur teilweise baumbestandenen Flächen , aber auch natürlicherweise teilweise offenen Baumsavannen .","Wichtig ist die Abgrenzung zum Beispiel gegenüber Plantagen aus Baumarten ( zum Beispiel auch Energieholz-Plantagen , Ölpalmen-Plantagen[5 ] ) baumbestandenen Parks und Grünanlagen , zumindest teilweise baumbestandenem Weideland ( im englischen Sprachraum unter rangeland gefasst , z. B. auch Almen)[6 ] und offenen , zum Beispiel durch Beweidung oder Übernutzung degradierten , nur teilweise baumbestandenen Flächen , aber auch natürlicherweise teilweise offenen Baumsavannen .",style-embedded example,annotator_b
DE-CURRENT/2_Manually-Segmented/wiki_wald_1.tagged.tsv,DE,DE_CURRENT,A1,A5,partial_overlap,452:460,452:480,Gemäß dieser Definitionen sind auch nicht-baumbestandene Flächen enthalten,"Gemäß dieser Definitionen sind auch nicht-baumbestandene Flächen enthalten ( forstlich teilweise als „ Nichtholzboden “ bezeichnet ): zum Beispiel Wildwiesen , Holzlagerplätze , Sturmwurfflächen[10 ] und Kahlschläge.[11 ]",style-inlay,annotator_a
DE-CURRENT/2_Manually-Segmented/wiki_wald_1.tagged.tsv,DE,DE_CURRENT,A1,A5,partial_overlap,460:469,452:480,( forstlich teilweise als „ Nichtholzboden “ bezeichnet ):,"Gemäß dieser Definitionen sind auch nicht-baumbestandene Flächen enthalten ( forstlich teilweise als „ Nichtholzboden “ bezeichnet ): zum Beispiel Wildwiesen , Holzlagerplätze , Sturmwurfflächen[10 ] und Kahlschläge.[11 ]",style-inlay,annotator_a
DE-CURRENT/2_Manually-Segmented/wiki_wald_1.tagged.tsv,DE,DE_CURRENT,A1,A5,partial_overlap,469:480,452:480,"zum Beispiel Wildwiesen , Holzlagerplätze , Sturmwurfflächen[10 ] und Kahlschläge.[11 ]","Gemäß dieser Definitionen sind auch nicht-baumbestandene Flächen enthalten ( forstlich teilweise als „ Nichtholzboden “ bezeichnet ): zum Beispiel Wildwiesen , Holzlagerplätze , Sturmwurfflächen[10 ] und Kahlschläge.[11 ]",style-inlay,annotator_a
DE-CURRENT/2_Manually-Segmented/wiki_wald_1.tagged.tsv,DE,DE_CURRENT,A1,A5,partial_overlap,698:704,698:712,Diese Fläche kann deutlich größer sein,Diese Fläche kann deutlich größer sein als es juristische Definitionen vorsehen oder bestimmen.[14][15 ],subordination-comparison,annotator_a
DE-CURRENT/2_Manually-Segmented/wiki_wald_1.tagged.tsv,DE,DE_CURRENT,A1,A5,partial_overlap,704:712,698:712,als es juristische Definitionen vorsehen oder bestimmen.[14][15 ],Diese Fläche kann deutlich größer sein als es juristische Definitionen vorsehen oder bestimmen.[14][15 ],subordination-comparison,annotator_a
DE-CURRENT/2_Manually-Segmented/wiki_wald_1.tagged.tsv,DE,DE_CURRENT,A1,A5,partial_overlap,787:789,787:801,"Jungbestände ,","Jungbestände , deren Bäume die notwendige Kronenfläche und Höhe bisher nicht erreicht haben ,",subordination-relative clause,annotator_a
DE-CURRENT/2_Manually-Segmented/wiki_wald_1.tagged.tsv,DE,DE_CURRENT,A1,A5,partial_overlap,789:801,787:801,"deren Bäume die notwendige Kronenfläche und Höhe bisher nicht erreicht haben ,","Jungbestände , deren Bäume die notwendige Kronenfläche und Höhe bisher nicht erreicht haben ,",subordination-relative clause,annotator_a
DE-CURRENT/2_Manually-Segmented/wiki_wald_1.tagged.tsv,DE,DE_CURRENT,A1,A5,partial_overlap,1018:1024,1018:1040,sofern ihre Deckung 40 % überschreitet,"sofern ihre Deckung 40 % überschreitet ( d. h. , der Abstand zwischen zwei Baumkronen höchstens dem Durchmesser der Krone entspricht).[21 ]",subordination-comparison,annotator_a
DE-CURRENT/2_Manually-Segmented/wiki_wald_1.tagged.tsv,DE,DE_CURRENT,A1,A5,partial_overlap,1024:1040,1018:1040,"( d. h. , der Abstand zwischen zwei Baumkronen höchstens dem Durchmesser der Krone entspricht).[21 ]","sofern ihre Deckung 40 % überschreitet ( d. h. , der Abstand zwischen zwei Baumkronen höchstens dem Durchmesser der Krone entspricht).[21 ]",style-inlay,annotator_a
DE-CURRENT/2_Manually-Segmented/wiki_wald_1.tagged.tsv,DE,DE_CURRENT,A1,A5,partial_overlap,1118:1127,1118:1143,"Natürliche Jungbestände und alle Pflanzungen ( plantations ) ,","Natürliche Jungbestände und alle Pflanzungen ( plantations ) , welche eine Kronendeckung von 10–30 % oder Höhe von 2–5 m erst später erreichen können ,",subordination-relative clause,annotator_a
DE-CURRENT/2_Manually-Segmented/wiki_wald_1.tagged.tsv,DE,DE_CURRENT,A1,A5,partial_overlap,1127:1143,1118:1143,"welche eine Kronendeckung von 10–30 % oder Höhe von 2–5 m erst später erreichen können ,","Natürliche Jungbestände und alle Pflanzungen ( plantations ) , welche eine Kronendeckung von 10–30 % oder Höhe von 2–5 m erst später erreichen können ,",subordination-relative clause,annotator_a
DE-HIST/2_Manually-Segmented/anthus_part_1.tagged.tsv,DE,DE_HIST,A4,A5,partial_overlap,0:6,0:3,< body > Erste Vorlesung .,< body >,other-arbitrary boundary,annotator_a
DE-HIST/2_Manually-Segmented/anthus_part_1.tagged.tsv,DE,DE_HIST,A4,A5,partial_overlap,0:6,3:6,< body > Erste Vorlesung .,Erste Vorlesung .,other-arbitrary boundary,annotator_a
DE-HIST/2_Manually-Segmented/anthus_part_1.tagged.tsv,DE,DE_HIST,A4,A5,partial_overlap,59:65,59:69,"sie betasten das schönste Gepräge ,","sie betasten das schönste Gepräge , den reinsten Grund ,",other-arbitrary boundary,annotator_b
DE-HIST/2_Manually-Segmented/anthus_part_1.tagged.tsv,DE,DE_HIST,A4,A5,partial_overlap,65:83,59:69,"den reinsten Grund , lassen die köstlichsten Stücke zwischen dem Daumen und Zeigefinger hin- und her gehen ,","sie betasten das schönste Gepräge , den reinsten Grund ,",other-arbitrary boundary,annotator_b
DE-HIST/2_Manually-Segmented/anthus_part_1.tagged.tsv,DE,DE_HIST,A4,A5,partial_overlap,65:83,69:83,"den reinsten Grund , lassen die köstlichsten Stücke zwischen dem Daumen und Zeigefinger hin- und her gehen ,","lassen die köstlichsten Stücke zwischen dem Daumen und Zeigefinger hin- und her gehen ,",other-arbitrary boundary,annotator_b
DE-HIST/2_Manually-Segmented/anthus_part_1.tagged.tsv,DE,DE_HIST,A4,A5,partial_overlap,177:193,177:204,"an die qualvolle Hinrichtung Rovaillac ’s erinnernd , des fanatischen Mörders jenes Gütigsten der Könige ,","an die qualvolle Hinrichtung Rovaillac ’s erinnernd , des fanatischen Mörders jenes Gütigsten der Könige , welcher Jedem seiner Unterthanen ein Huhn in m Reis wünschte .",subordination-relative clause,annotator_a
DE-HIST/2_Manually-Segmented/anthus_part_1.tagged.tsv,DE,DE_HIST,A4,A5,partial_overlap,193:204,177:204,welcher Jedem seiner Unterthanen ein Huhn in m Reis wünschte .,"an die qualvolle Hinrichtung Rovaillac ’s erinnernd , des fanatischen Mörders jenes Gütigsten der Könige , welcher Jedem seiner Unterthanen ein Huhn in m Reis wünschte .",subordination-relative clause,annotator_a
DE-HIST/2_Manually-Segmented/anthus_part_1.tagged.tsv,DE,DE_HIST,A4,A5,partial_overlap,204:236,204:224,"Unter dessen ist ein Dritter noch bei m Rindfleisch und versichert , mit der Gabel in der rechten Hand , habe er gesottenes Rindfleisch , so frage er nach nichts weiter .","Unter dessen ist ein Dritter noch bei m Rindfleisch und versichert , mit der Gabel in der rechten Hand ,",syntax-coordinated clause missed,annotator_b
DE-HIST/2_Manually-Segmented/anthus_part_1.tagged.tsv,DE,DE_HIST,A4,A5,partial_overlap,204:236,224:229,"Unter dessen ist ein Dritter noch bei m Rindfleisch und versichert , mit der Gabel in der rechten Hand , habe er gesottenes Rindfleisch , so frage er nach nichts weiter .","habe er gesottenes Rindfleisch ,",syntax-coordinated clause missed,annotator_b
DE-HIST/2_Manually-Segmented/anthus_part_1.tagged.tsv,DE,DE_HIST,A4,A5,partial_overlap,204:236,229:236,"Unter dessen ist ein Dritter noch bei m Rindfleisch und versichert , mit der Gabel in der rechten Hand , habe er gesottenes Rindfleisch , so frage er nach nichts weiter .",so frage er nach nichts weiter .,syntax-coordinated clause missed,annotator_b
DE-HIST/2_Manually-Segmented/anthus_part_1.tagged.tsv,DE,DE_HIST,A4,A5,partial_overlap,236:250,236:242,"Wenn nur , meint er , der frische Gurkensalat aus gepreßt worden wäre ,","Wenn nur , meint er ,",subordination-conditional,annotator_b
DE-HIST/2_Manually-Segmented/anthus_part_1.tagged.tsv,DE,DE_HIST,A4,A5,partial_overlap,236:250,242:250,"Wenn nur , meint er , der frische Gurkensalat aus gepreßt worden wäre ,","der frische Gurkensalat aus gepreßt worden wäre ,",subordination-conditional,annotator_b
DE-HIST/2_Manually-Segmented/anthus_part_1.tagged.tsv,DE,DE_HIST,A4,A5,partial_overlap,268:275,268:271,"und meint , er äße was .","und meint ,",discourse-reported speech,annotator_b
DE-HIST/2_Manually-Segmented/anthus_part_1.tagged.tsv,DE,DE_HIST,A4,A5,partial_overlap,268:275,271:275,"und meint , er äße was .",er äße was .,discourse-reported speech,annotator_b
DE-HIST/2_Manually-Segmented/anthus_part_1.tagged.tsv,DE,DE_HIST,A4,A5,partial_overlap,275:290,275:285,"Leute , welche sich anmaßen , transchiren zu können , ermangeln der ersten Grundbegriffe ,","Leute , welche sich anmaßen , transchiren zu können ,",subordination-relative clause,annotator_b
DE-HIST/2_Manually-Segmented/anthus_part_1.tagged.tsv,DE,DE_HIST,A4,A5,partial_overlap,275:290,285:290,"Leute , welche sich anmaßen , transchiren zu können , ermangeln der ersten Grundbegriffe ,","ermangeln der ersten Grundbegriffe ,",subordination-relative clause,annotator_b
DE-HIST/2_Manually-Segmented/anthus_part_1.tagged.tsv,DE,DE_HIST,A4,A5,partial_overlap,436:449,436:443,"Wie aber Millionen nicht Blinde sterben , ohne sehen gelernt zu haben ,","Wie aber Millionen nicht Blinde sterben ,",syntax-coordinated clause missed,annotator_b
DE-HIST/2_Manually-Segmented/anthus_part_1.tagged.tsv,DE,DE_HIST,A4,A5,partial_overlap,436:449,443:449,"Wie aber Millionen nicht Blinde sterben , ohne sehen gelernt zu haben ,","ohne sehen gelernt zu haben ,",syntax-coordinated clause missed,annotator_b
DE-HIST/2_Manually-Segmented/anthus_part_1.tagged.tsv,DE,DE_HIST,A4,A5,partial_overlap,449:466,449:460,"also auch ißt eine gleiche Legion , ohne zu schmecken , bis sie nicht mehr ißt .","also auch ißt eine gleiche Legion , ohne zu schmecken ,",syntax-coordinated clause missed,annotator_b
DE-HIST/2_Manually-Segmented/anthus_part_1.tagged.tsv,DE,DE_HIST,A4,A5,partial_overlap,449:466,460:466,"also auch ißt eine gleiche Legion , ohne zu schmecken , bis sie nicht mehr ißt .",bis sie nicht mehr ißt .,syntax-coordinated clause missed,annotator_b
DE-HIST/2_Manually-Segmented/anthus_part_1.tagged.tsv,DE,DE_HIST,A4,A5,partial_overlap,660:669,660:666,"was ich über diesen Gegenstand erfahren und gedacht ,",was ich über diesen Gegenstand erfahren,style-ellipsis,annotator_b
DE-HIST/2_Manually-Segmented/anthus_part_1.tagged.tsv,DE,DE_HIST,A4,A5,partial_overlap,660:669,666:669,"was ich über diesen Gegenstand erfahren und gedacht ,","und gedacht ,",style-ellipsis,annotator_b
DE-HIST/2_Manually-Segmented/anthus_part_1.tagged.tsv,DE,DE_HIST,A4,A5,partial_overlap,702:719,702:714,"aber trotz dem ist die Welt relativ um kein Haar anders , als sie angeschaut wird ,","aber trotz dem ist die Welt relativ um kein Haar anders ,",subordination-comparison,annotator_b
DE-HIST/2_Manually-Segmented/anthus_part_1.tagged.tsv,DE,DE_HIST,A4,A5,partial_overlap,702:719,714:719,"aber trotz dem ist die Welt relativ um kein Haar anders , als sie angeschaut wird ,","als sie angeschaut wird ,",subordination-comparison,annotator_b
DE-HIST/2_Manually-Segmented/anthus_part_1.tagged.tsv,DE,DE_HIST,A4,A5,partial_overlap,784:792,784:789,"und Wesen , welche leben und empfinden .","und Wesen , welche leben",style-ellipsis,annotator_b
DE-HIST/2_Manually-Segmented/anthus_part_1.tagged.tsv,DE,DE_HIST,A4,A5,partial_overlap,784:792,789:792,"und Wesen , welche leben und empfinden .",und empfinden .,style-ellipsis,annotator_b
DE-HIST/2_Manually-Segmented/anthus_part_1.tagged.tsv,DE,DE_HIST,A4,A5,partial_overlap,811:841,811:828,"höchstens geht dar aus , in Beziehung auf das Menschenreich , das wenig tröstliche Resultat hervor , daß sehr viele Mitglieder derselben weder zu empfinden noch zu leben wissen .","höchstens geht dar aus , in Beziehung auf das Menschenreich , das wenig tröstliche Resultat hervor ,",syntax-coordinated clause missed,annotator_b
DE-HIST/2_Manually-Segmented/anthus_part_1.tagged.tsv,DE,DE_HIST,A4,A5,partial_overlap,811:841,828:841,"höchstens geht dar aus , in Beziehung auf das Menschenreich , das wenig tröstliche Resultat hervor , daß sehr viele Mitglieder derselben weder zu empfinden noch zu leben wissen .",daß sehr viele Mitglieder derselben weder zu empfinden noch zu leben wissen .,syntax-coordinated clause missed,annotator_b
DE-HIST/2_Manually-Segmented/anthus_part_1.tagged.tsv,DE,DE_HIST,A4,A5,partial_overlap,880:913,880:900,"welche in m Entwicklungsgange des Menschengeschlechts auf dem Wege des Experiments zu r Ermittlung des Genießbaren zufällig in Ungenießbares bissen und deß halb in s Gras beißen mußten , größtentheils schon erledigt .",welche in m Entwicklungsgange des Menschengeschlechts auf dem Wege des Experiments zu r Ermittlung des Genießbaren zufällig in Ungenießbares bissen,syntax-coordinated clause missed,annotator_b
DE-HIST/2_Manually-Segmented/anthus_part_1.tagged.tsv,DE,DE_HIST,A4,A5,partial_overlap,880:913,900:913,"welche in m Entwicklungsgange des Menschengeschlechts auf dem Wege des Experiments zu r Ermittlung des Genießbaren zufällig in Ungenießbares bissen und deß halb in s Gras beißen mußten , größtentheils schon erledigt .","und deß halb in s Gras beißen mußten , größtentheils schon erledigt .",syntax-coordinated clause missed,annotator_b
DE-HIST/2_Manually-Segmented/anthus_part_1.tagged.tsv,DE,DE_HIST,A4,A5,partial_overlap,922:938,922:928,"Wollte man dar über klagen , daß in jenen Urzeiten noch keine medizinische Fakultät existirte ,","Wollte man dar über klagen ,",syntax-coordinated clause missed,annotator_b
DE-HIST/2_Manually-Segmented/anthus_part_1.tagged.tsv,DE,DE_HIST,A4,A5,partial_overlap,922:938,928:938,"Wollte man dar über klagen , daß in jenen Urzeiten noch keine medizinische Fakultät existirte ,","daß in jenen Urzeiten noch keine medizinische Fakultät existirte ,",syntax-coordinated clause missed,annotator_b
DE-HIST/2_Manually-Segmented/anthus_part_1.tagged.tsv,DE,DE_HIST,A4,A5,partial_overlap,982:997,982:1014,"welche , mit Ausnahme des Salzes und Wassers , weder eßbar sind noch essen ;","welche , mit Ausnahme des Salzes und Wassers , weder eßbar sind noch essen ; auf der zweiten eßbare , aber nicht essende Wesen ; auf der dritten Stufe endlich Wesen ,",style-list,annotator_b
DE-HIST/2_Manually-Segmented/anthus_part_1.tagged.tsv,DE,DE_HIST,A4,A5,partial_overlap,997:1020,982:1014,"auf der zweiten eßbare , aber nicht essende Wesen ; auf der dritten Stufe endlich Wesen , welche essen und gegessen werden .","welche , mit Ausnahme des Salzes und Wassers , weder eßbar sind noch essen ; auf der zweiten eßbare , aber nicht essende Wesen ; auf der dritten Stufe endlich Wesen ,",style-list,annotator_b
DE-HIST/2_Manually-Segmented/anthus_part_1.tagged.tsv,DE,DE_HIST,A4,A5,partial_overlap,997:1020,1014:1016,"auf der zweiten eßbare , aber nicht essende Wesen ; auf der dritten Stufe endlich Wesen , welche essen und gegessen werden .",welche essen,subordination-relative clause,annotator_b
DE-HIST/2_Manually-Segmented/anthus_part_1.tagged.tsv,DE,DE_HIST,A4,A5,partial_overlap,997:1020,1016:1020,"auf der zweiten eßbare , aber nicht essende Wesen ; auf der dritten Stufe endlich Wesen , welche essen und gegessen werden .",und gegessen werden .,subordination-relative clause,annotator_b
DE-HIST/2_Manually-Segmented/anthus_part_1.tagged.tsv,DE,DE_HIST,A4,A5,partial_overlap,1053:1065,1053:1059,"dieß jedoch ist und ißt , ohne selber gegessen zu werden ,","dieß jedoch ist und ißt ,",syntax-coordinated clause missed,annotator_b
DE-HIST/2_Manually-Segmented/anthus_part_1.tagged.tsv,DE,DE_HIST,A4,A5,partial_overlap,1053:1065,1059:1065,"dieß jedoch ist und ißt , ohne selber gegessen zu werden ,","ohne selber gegessen zu werden ,",syntax-coordinated clause missed,annotator_b
DE-HIST/2_Manually-Segmented/anthus_part_1.tagged.tsv,DE,DE_HIST,A4,A5,partial_overlap,1156:1187,1156:1199,"Welch ’ eine lebendige liebliche Fülle der Betrachtung , welcher Reichthum von Assonanzen und Associationen des Genusses aller Art , nur einigermaßen getrübt durch den Seitenblick auf das sterile Mineralreich ,","Welch ’ eine lebendige liebliche Fülle der Betrachtung , welcher Reichthum von Assonanzen und Associationen des Genusses aller Art , nur einigermaßen getrübt durch den Seitenblick auf das sterile Mineralreich , welches , als solches und unmittelbar , verhältnißmäßig so wenig contribuirt .",syntax-verbless,annotator_b
DE-HIST/2_Manually-Segmented/anthus_part_1.tagged.tsv,DE,DE_HIST,A4,A5,partial_overlap,1187:1199,1156:1199,"welches , als solches und unmittelbar , verhältnißmäßig so wenig contribuirt .","Welch ’ eine lebendige liebliche Fülle der Betrachtung , welcher Reichthum von Assonanzen und Associationen des Genusses aller Art , nur einigermaßen getrübt durch den Seitenblick auf das sterile Mineralreich , welches , als solches und unmittelbar , verhältnißmäßig so wenig contribuirt .",syntax-verbless,annotator_b
DE-HIST/2_Manually-Segmented/anthus_part_1.tagged.tsv,DE,DE_HIST,A4,A5,partial_overlap,1278:1298,1278:1291,"und zwar auch so , daß je immer die Subalternen gegessen werden , — bis zu m Menschen herauf ,","und zwar auch so , daß je immer die Subalternen gegessen werden ,",other-arbitrary boundary,annotator_a
DE-HIST/2_Manually-Segmented/anthus_part_1.tagged.tsv,DE,DE_HIST,A4,A5,partial_overlap,1278:1298,1291:1305,"und zwar auch so , daß je immer die Subalternen gegessen werden , — bis zu m Menschen herauf ,","— bis zu m Menschen herauf , der sie so ziemlich alle ißt .",other-arbitrary boundary,annotator_a
DE-HIST/2_Manually-Segmented/anthus_part_1.tagged.tsv,DE,DE_HIST,A4,A5,partial_overlap,1298:1305,1291:1305,der sie so ziemlich alle ißt .,"— bis zu m Menschen herauf , der sie so ziemlich alle ißt .",subordination-relative clause,annotator_a
DE-HIST/2_Manually-Segmented/anthus_part_1.tagged.tsv,DE,DE_HIST,A4,A5,partial_overlap,1390:1404,1390:1396,"Je unvollkommner eine Organisation ist , desto weniger hat sie einen individualisirten Eßapparat ,","Je unvollkommner eine Organisation ist ,",subordination-comparison,annotator_b
DE-HIST/2_Manually-Segmented/anthus_part_1.tagged.tsv,DE,DE_HIST,A4,A5,partial_overlap,1390:1404,1396:1404,"Je unvollkommner eine Organisation ist , desto weniger hat sie einen individualisirten Eßapparat ,","desto weniger hat sie einen individualisirten Eßapparat ,",subordination-comparison,annotator_b
DE-HIST/2_Manually-Segmented/anthus_part_1.tagged.tsv,DE,DE_HIST,A4,A5,partial_overlap,1543:1575,1543:1555,"Wie aber die Gelehrten noch dar über schwitzen , zu bestimmen , wo die Pflanze zu m Thier wird , wo die Grenzen des Pflanzen- und Thierreiches fest zu stecken seien ,","Wie aber die Gelehrten noch dar über schwitzen , zu bestimmen ,",syntax-coordinated clause missed,annotator_b
DE-HIST/2_Manually-Segmented/anthus_part_1.tagged.tsv,DE,DE_HIST,A4,A5,partial_overlap,1543:1575,1555:1563,"Wie aber die Gelehrten noch dar über schwitzen , zu bestimmen , wo die Pflanze zu m Thier wird , wo die Grenzen des Pflanzen- und Thierreiches fest zu stecken seien ,","wo die Pflanze zu m Thier wird ,",syntax-coordinated clause missed,annotator_b
DE-HIST/2_Manually-Segmented/anthus_part_1.tagged.tsv,DE,DE_HIST,A4,A5,partial_overlap,1543:1575,1563:1575,"Wie aber die Gelehrten noch dar über schwitzen , zu bestimmen , wo die Pflanze zu m Thier wird , wo die Grenzen des Pflanzen- und Thierreiches fest zu stecken seien ,","wo die Grenzen des Pflanzen- und Thierreiches fest zu stecken seien ,",syntax-coordinated clause missed,annotator_b
DE-HIST/2_Manually-Segmented/anthus_part_1.tagged.tsv,DE,DE_HIST,A4,A5,partial_overlap,1610:1637,1610:1626,"Der Polyp , bei dem es erst der Mühe werth ist , an zu fangen , zertheilt sich oben in mehrere Arme oder lebendig bewegliche Zweiglein ,","Der Polyp , bei dem es erst der Mühe werth ist , an zu fangen ,",subordination-relative clause,annotator_b
DE-HIST/2_Manually-Segmented/anthus_part_1.tagged.tsv,DE,DE_HIST,A4,A5,partial_overlap,1610:1637,1626:1637,"Der Polyp , bei dem es erst der Mühe werth ist , an zu fangen , zertheilt sich oben in mehrere Arme oder lebendig bewegliche Zweiglein ,","zertheilt sich oben in mehrere Arme oder lebendig bewegliche Zweiglein ,",subordination-relative clause,annotator_b
DE-HIST/2_Manually-Segmented/anthus_part_1.tagged.tsv,DE,DE_HIST,A4,A5,partial_overlap,1760:1791,1760:1772,"Die Insekten sind zwar in Beziehung auf das Quantum günstig gestellt , daz . B. Raupen in 24 Stunden wenigstens 3mal so viel zu Leibe nehmen , als sie wiegen .","Die Insekten sind zwar in Beziehung auf das Quantum günstig gestellt ,",subordination-relative clause,annotator_b
DE-HIST/2_Manually-Segmented/anthus_part_1.tagged.tsv,DE,DE_HIST,A4,A5,partial_overlap,1760:1791,1772:1791,"Die Insekten sind zwar in Beziehung auf das Quantum günstig gestellt , daz . B. Raupen in 24 Stunden wenigstens 3mal so viel zu Leibe nehmen , als sie wiegen .","daz . B. Raupen in 24 Stunden wenigstens 3mal so viel zu Leibe nehmen , als sie wiegen .",subordination-relative clause,annotator_b
DE-HIST/2_Manually-Segmented/anthus_part_1.tagged.tsv,DE,DE_HIST,A4,A5,partial_overlap,1868:1889,1868:1874,"— Trügt aber nicht Alles , so schmeckt es allen diesen Wesen , auch ohne ausgeprägtere Zungen , sehr wohl .","— Trügt aber nicht Alles ,",subordination-conditional,annotator_b
DE-HIST/2_Manually-Segmented/anthus_part_1.tagged.tsv,DE,DE_HIST,A4,A5,partial_overlap,1868:1889,1874:1889,"— Trügt aber nicht Alles , so schmeckt es allen diesen Wesen , auch ohne ausgeprägtere Zungen , sehr wohl .","so schmeckt es allen diesen Wesen , auch ohne ausgeprägtere Zungen , sehr wohl .",subordination-conditional,annotator_b
DE-HIST/2_Manually-Segmented/anthus_part_1.tagged.tsv,DE,DE_HIST,A4,A5,partial_overlap,1988:2003,1988:2002,"Unter den Mammalien erfreuen sich Fledermäuse , Raubthiere , Affen und auch der Mensch —","Unter den Mammalien erfreuen sich Fledermäuse , Raubthiere , Affen und auch der Mensch",orthography-dash,annotator_a
DE-HIST/2_Manually-Segmented/anthus_part_1.tagged.tsv,DE,DE_HIST,A4,A5,partial_overlap,1988:2003,2002:2044,"Unter den Mammalien erfreuen sich Fledermäuse , Raubthiere , Affen und auch der Mensch —","— den ich jedoch , wie ich vorsichtigerweise ausdrücklich und nachdrücklich versichere , weit entfernt bin , hierher zu rechnen — aller drei Arten von Zähnen , Unterkieferbewegung und weicher , biegsamer , fleischiger , knorpelloser Zungen , so wie Gaumensegel .",orthography-dash,annotator_a
DE-HIST/2_Manually-Segmented/anthus_part_1.tagged.tsv,DE,DE_HIST,A4,A5,partial_overlap,2003:2044,2002:2044,"den ich jedoch , wie ich vorsichtigerweise ausdrücklich und nachdrücklich versichere , weit entfernt bin , hierher zu rechnen — aller drei Arten von Zähnen , Unterkieferbewegung und weicher , biegsamer , fleischiger , knorpelloser Zungen , so wie Gaumensegel .","— den ich jedoch , wie ich vorsichtigerweise ausdrücklich und nachdrücklich versichere , weit entfernt bin , hierher zu rechnen — aller drei Arten von Zähnen , Unterkieferbewegung und weicher , biegsamer , fleischiger , knorpelloser Zungen , so wie Gaumensegel .",orthography-dash,annotator_a
DE-HIST/2_Manually-Segmented/anthus_part_1.tagged.tsv,DE,DE_HIST,A4,A5,partial_overlap,2059:2090,2059:2069,"Viel zu lang wäre es nun , zu beschreiben , auf wie unendlich verschiedene Art und Weise , oft sehr sonderbar , diese Thiere und Thierlein alle zu essen pflegen ;","Viel zu lang wäre es nun , zu beschreiben ,",syntax-coordinated clause missed,annotator_b
DE-HIST/2_Manually-Segmented/anthus_part_1.tagged.tsv,DE,DE_HIST,A4,A5,partial_overlap,2059:2090,2069:2090,"Viel zu lang wäre es nun , zu beschreiben , auf wie unendlich verschiedene Art und Weise , oft sehr sonderbar , diese Thiere und Thierlein alle zu essen pflegen ;","auf wie unendlich verschiedene Art und Weise , oft sehr sonderbar , diese Thiere und Thierlein alle zu essen pflegen ;",syntax-coordinated clause missed,annotator_b
DE-HIST/2_Manually-Segmented/anthus_part_1.tagged.tsv,DE,DE_HIST,A4,A5,partial_overlap,2309:2332,2309:2323,"Welche mächtige Anregung liegt in diesen Verhältnissen zu dessen fleißiger , ernster Ausbildung , und wie dankbar und lohnend ist solches Bestreben !","Welche mächtige Anregung liegt in diesen Verhältnissen zu dessen fleißiger , ernster Ausbildung ,",syntax-coordinated clause missed,annotator_b
DE-HIST/2_Manually-Segmented/anthus_part_1.tagged.tsv,DE,DE_HIST,A4,A5,partial_overlap,2309:2332,2323:2332,"Welche mächtige Anregung liegt in diesen Verhältnissen zu dessen fleißiger , ernster Ausbildung , und wie dankbar und lohnend ist solches Bestreben !",und wie dankbar und lohnend ist solches Bestreben !,syntax-coordinated clause missed,annotator_b
DE-HIST/2_Manually-Segmented/anthus_part_1.tagged.tsv,DE,DE_HIST,A4,A5,partial_overlap,2332:2337,2332:2353,"Alle genannten Thiere nun ,","Alle genannten Thiere nun , und wie man leider nicht in Abrede stellen kann , gar viele Menschen essen zwar ,",style-inlay,annotator_b
DE-HIST/2_Manually-Segmented/anthus_part_1.tagged.tsv,DE,DE_HIST,A4,A5,partial_overlap,2337:2359,2332:2353,"und wie man leider nicht in Abrede stellen kann , gar viele Menschen essen zwar , fühlen die Nothwendigkeit zu essen ,","Alle genannten Thiere nun , und wie man leider nicht in Abrede stellen kann , gar viele Menschen essen zwar ,",style-inlay,annotator_b
DE-HIST/2_Manually-Segmented/anthus_part_1.tagged.tsv,DE,DE_HIST,A4,A5,partial_overlap,2337:2359,2353:2359,"und wie man leider nicht in Abrede stellen kann , gar viele Menschen essen zwar , fühlen die Nothwendigkeit zu essen ,","fühlen die Nothwendigkeit zu essen ",syntax-coordinated clause missed,annotator_b
DE-HIST/2_Manually-Segmented/anthus_part_1.tagged.tsv,DE,DE_HIST,A4,A5,partial_overlap,2368:2378,2368:2373,"und leben blos menschlich , in dem sie essen ,","und leben blos menschlich ,",syntax-coordinated clause missed,annotator_b
DE-HIST/2_Manually-Segmented/anthus_part_1.tagged.tsv,DE,DE_HIST,A4,A5,partial_overlap,2368:2378,2373:2378,"und leben blos menschlich , in dem sie essen ,","in dem sie essen ,",syntax-coordinated clause missed,annotator_b
DE-HIST/2_Manually-Segmented/anthus_part_1.tagged.tsv,DE,DE_HIST,A4,A5,partial_overlap,2393:2425,2393:2400,"wenn sie es nun aber haben , verschlucken sie ’s ohne rechten Genuß , in ungeeigneter Verbindung , mit ungedeihlichem Erfolge , schmeckend und doch geschmacklos , ohne Sinn und Bewußtsein .","wenn sie es nun aber haben ,",subordination-conditional,annotator_b
DE-HIST/2_Manually-Segmented/anthus_part_1.tagged.tsv,DE,DE_HIST,A4,A5,partial_overlap,2393:2425,2400:2425,"wenn sie es nun aber haben , verschlucken sie ’s ohne rechten Genuß , in ungeeigneter Verbindung , mit ungedeihlichem Erfolge , schmeckend und doch geschmacklos , ohne Sinn und Bewußtsein .","verschlucken sie ’s ohne rechten Genuß , in ungeeigneter Verbindung , mit ungedeihlichem Erfolge , schmeckend und doch geschmacklos , ohne Sinn und Bewußtsein .",subordination-conditional,annotator_b
DE-HIST/2_Manually-Segmented/anthus_part_1.tagged.tsv,DE,DE_HIST,A4,A5,partial_overlap,2425:2453,2425:2444,"Giebt es doch der Unglücklichen unter den Menschen nicht wenige , welche gar keinen Begriff da von haben , daß man sich auf das Mittagessen freuen kann ,","Giebt es doch der Unglücklichen unter den Menschen nicht wenige , welche gar keinen Begriff da von haben ,",syntax-coordinated clause missed,annotator_b
DE-HIST/2_Manually-Segmented/anthus_part_1.tagged.tsv,DE,DE_HIST,A4,A5,partial_overlap,2425:2453,2444:2453,"Giebt es doch der Unglücklichen unter den Menschen nicht wenige , welche gar keinen Begriff da von haben , daß man sich auf das Mittagessen freuen kann ,","daß man sich auf das Mittagessen freuen kann ,",syntax-coordinated clause missed,annotator_b
DE-HIST/2_Manually-Segmented/anthus_part_1.tagged.tsv,DE,DE_HIST,A4,A5,partial_overlap,2453:2471,2453:2463,"die hastig nur da mit fertig zu werden streben , und dieß mit so wenig Antheil thun ,","die hastig nur da mit fertig zu werden streben ,",syntax-coordinated clause missed,annotator_b
DE-HIST/2_Manually-Segmented/anthus_part_1.tagged.tsv,DE,DE_HIST,A4,A5,partial_overlap,2453:2471,2463:2471,"die hastig nur da mit fertig zu werden streben , und dieß mit so wenig Antheil thun ,","und dieß mit so wenig Antheil thun ,",syntax-coordinated clause missed,annotator_b
DE-HIST/2_Manually-Segmented/anthus_part_1.tagged.tsv,DE,DE_HIST,A4,A5,partial_overlap,2562:2605,2562:2569,"„ Welcher Nachdenkende könnte ohne Wehmuth , daß der Mensch sich so sehr von einfacher Natur entfernen konnte , einen Speisezettel bei dem Restaurateur Very in Paris lesen und dar auf 150 Speisen , 55 feine Weine und 25 Liqueurs finden ? “","„ Welcher Nachdenkende könnte ohne Wehmuth ,",syntax-coordinated clause missed,annotator_b
DE-HIST/2_Manually-Segmented/anthus_part_1.tagged.tsv,DE,DE_HIST,A4,A5,partial_overlap,2562:2605,2569:2605,"„ Welcher Nachdenkende könnte ohne Wehmuth , daß der Mensch sich so sehr von einfacher Natur entfernen konnte , einen Speisezettel bei dem Restaurateur Very in Paris lesen und dar auf 150 Speisen , 55 feine Weine und 25 Liqueurs finden ? “","daß der Mensch sich so sehr von einfacher Natur entfernen konnte , einen Speisezettel bei dem Restaurateur Very in Paris lesen und dar auf 150 Speisen , 55 feine Weine und 25 Liqueurs finden ? “",syntax-coordinated clause missed,annotator_b
DE-HIST/2_Manually-Segmented/anthus_part_1.tagged.tsv,DE,DE_HIST,A4,A5,partial_overlap,2620:2637,2620:2627,"es müßte denn dar über sein , daß man nicht gleich alle 150 Speisen essen kann .","es müßte denn dar über sein ,",syntax-coordinated clause missed,annotator_b
DE-HIST/2_Manually-Segmented/anthus_part_1.tagged.tsv,DE,DE_HIST,A4,A5,partial_overlap,2620:2637,2627:2637,"es müßte denn dar über sein , daß man nicht gleich alle 150 Speisen essen kann .",daß man nicht gleich alle 150 Speisen essen kann .,syntax-coordinated clause missed,annotator_b
DE-HIST/2_Manually-Segmented/anthus_part_1.tagged.tsv,DE,DE_HIST,A4,A5,partial_overlap,2668:2694,2668:2680,"Eine große Menge derer , welche wohl schmecken und denken könnten , lungern und hungern , durch allerlei transcendenten Wahn verblendet , äffenden ungenießbaren Schaugerichten nach","Eine große Menge derer , welche wohl schmecken und denken könnten ,",subordination-relative clause,annotator_b
DE-HIST/2_Manually-Segmented/anthus_part_1.tagged.tsv,DE,DE_HIST,A4,A5,partial_overlap,2668:2694,2680:2694,"Eine große Menge derer , welche wohl schmecken und denken könnten , lungern und hungern , durch allerlei transcendenten Wahn verblendet , äffenden ungenießbaren Schaugerichten nach","lungern und hungern , durch allerlei transcendenten Wahn verblendet , äffenden ungenießbaren Schaugerichten nach",subordination-relative clause,annotator_b
DE-HIST/2_Manually-Segmented/anthus_part_1.tagged.tsv,DE,DE_HIST,A4,A5,partial_overlap,2710:2727,2710:2722,"Daß man bei m Essen die Lachmuskeln in Bewegung setzen muß , ist ihnen ein Gräuel ;","Daß man bei m Essen die Lachmuskeln in Bewegung setzen muß ,",subordination-relative clause,annotator_b
DE-HIST/2_Manually-Segmented/anthus_part_1.tagged.tsv,DE,DE_HIST,A4,A5,partial_overlap,2710:2727,2722:2727,"Daß man bei m Essen die Lachmuskeln in Bewegung setzen muß , ist ihnen ein Gräuel ;",ist ihnen ein Gräuel ;,subordination-relative clause,annotator_b
DE-HIST/2_Manually-Segmented/anthus_part_1.tagged.tsv,DE,DE_HIST,A4,A5,partial_overlap,2742:2754,2742:2746,"und bedenken nicht , daß nur das Thier stets ernsthaft ist ,","und bedenken nicht ,",syntax-coordinated clause missed,annotator_b
DE-HIST/2_Manually-Segmented/anthus_part_1.tagged.tsv,DE,DE_HIST,A4,A5,partial_overlap,2742:2754,2746:2754,"und bedenken nicht , daß nur das Thier stets ernsthaft ist ,","daß nur das Thier stets ernsthaft ist ,",syntax-coordinated clause missed,annotator_b
DE-HIST/2_Manually-Segmented/anthus_part_1.tagged.tsv,DE,DE_HIST,A4,A5,partial_overlap,2772:2789,2772:2780,"daß es ja nur an ihnen liegt , wenn sie in m Essen nichts Tieferes sehen .","daß es ja nur an ihnen liegt ,",syntax-coordinated clause missed,annotator_b
DE-HIST/2_Manually-Segmented/anthus_part_1.tagged.tsv,DE,DE_HIST,A4,A5,partial_overlap,2772:2789,2780:2789,"daß es ja nur an ihnen liegt , wenn sie in m Essen nichts Tieferes sehen .",wenn sie in m Essen nichts Tieferes sehen .,subordination-conditional,annotator_b
DE-HIST/2_Manually-Segmented/anthus_part_1.tagged.tsv,DE,DE_HIST,A4,A5,partial_overlap,2889:2904,2889:2905,So ladet uns Alles in der Natur figürlich und bescheiden zu seinem Genusse ein !,So ladet uns Alles in der Natur figürlich und bescheiden zu seinem Genusse ein ! “,orthography-quotes,annotator_a
DE-HIST/2_Manually-Segmented/anthus_part_1.tagged.tsv,DE,DE_HIST,A4,A5,partial_overlap,2904:2915,2889:2905,“ — In Schubert ’s Symbolik des Traums heißt es :,So ladet uns Alles in der Natur figürlich und bescheiden zu seinem Genusse ein ! “,orthography-quotes,annotator_a
DE-HIST/2_Manually-Segmented/anthus_part_1.tagged.tsv,DE,DE_HIST,A4,A5,partial_overlap,2904:2915,2905:2915,“ — In Schubert ’s Symbolik des Traums heißt es :,— In Schubert ’s Symbolik des Traums heißt es :,orthography-comma,annotator_a
DE-HIST/2_Manually-Segmented/anthus_part_1.tagged.tsv,DE,DE_HIST,A4,A5,partial_overlap,2931:2960,2931:2940,"— Man kann dar über beliebig weiter nach denken und wer was exquisit Tiefsinniges hier über will , lese Jacob Böhme ’s vierten Sendbrief v. 12 bis 14 .",— Man kann dar über beliebig weiter nach denken,syntax-coordinated clause missed,annotator_b
DE-HIST/2_Manually-Segmented/anthus_part_1.tagged.tsv,DE,DE_HIST,A4,A5,partial_overlap,2931:2960,2940:2949,"— Man kann dar über beliebig weiter nach denken und wer was exquisit Tiefsinniges hier über will , lese Jacob Böhme ’s vierten Sendbrief v. 12 bis 14 .","und wer was exquisit Tiefsinniges hier über will ,",syntax-coordinated clause missed,annotator_b
DE-HIST/2_Manually-Segmented/anthus_part_1.tagged.tsv,DE,DE_HIST,A4,A5,partial_overlap,2931:2960,2949:2960,"— Man kann dar über beliebig weiter nach denken und wer was exquisit Tiefsinniges hier über will , lese Jacob Böhme ’s vierten Sendbrief v. 12 bis 14 .",lese Jacob Böhme ’s vierten Sendbrief v. 12 bis 14 .,syntax-coordinated clause missed,annotator_b
DE-HIST/2_Manually-Segmented/anthus_part_1.tagged.tsv,DE,DE_HIST,A4,A5,partial_overlap,2960:3001,2960:2993,"— Endlich kommt nun aber vollends noch eine Menge Volks , groß und klein , statt eines menschlichen Appetits rohen Hunger mitbringend , ohne Geschmack und Kritik , ohne Sinn und Witz , und prätendirt gleichwohl auch essen zu können .","— Endlich kommt nun aber vollends noch eine Menge Volks , groß und klein , statt eines menschlichen Appetits rohen Hunger mitbringend , ohne Geschmack und Kritik , ohne Sinn und Witz ,",syntax-coordinated clause missed,annotator_b
DE-HIST/2_Manually-Segmented/anthus_part_1.tagged.tsv,DE,DE_HIST,A4,A5,partial_overlap,2960:3001,2993:3001,"— Endlich kommt nun aber vollends noch eine Menge Volks , groß und klein , statt eines menschlichen Appetits rohen Hunger mitbringend , ohne Geschmack und Kritik , ohne Sinn und Witz , und prätendirt gleichwohl auch essen zu können .",und prätendirt gleichwohl auch essen zu können .,syntax-coordinated clause missed,annotator_b
DE-HIST/2_Manually-Segmented/becher_part_1.tagged.tsv,DE,DE_HIST,A4,A5,partial_overlap,149:159,149:170,welche Gesellschafft einig und allein die Grund-Uhrsach / Anfang /,welche Gesellschafft einig und allein die Grund-Uhrsach / Anfang / Mitl / und End aller Gesätze / und Ordnungen ist /,syntax-verbless,annotator_b
DE-HIST/2_Manually-Segmented/becher_part_1.tagged.tsv,DE,DE_HIST,A4,A5,partial_overlap,159:170,149:170,Mitl / und End aller Gesätze / und Ordnungen ist /,welche Gesellschafft einig und allein die Grund-Uhrsach / Anfang / Mitl / und End aller Gesätze / und Ordnungen ist /,syntax-verbless,annotator_b
DE-HIST/2_Manually-Segmented/becher_part_1.tagged.tsv,DE,DE_HIST,A4,A5,partial_overlap,206:220,206:215,kürtzlich / alles was diese menschliche Geselschaft befördert / das ist zu verlangen /,kürtzlich / alles was diese menschliche Geselschaft befördert /,subordination-relative clause,annotator_a
DE-HIST/2_Manually-Segmented/becher_part_1.tagged.tsv,DE,DE_HIST,A4,A5,partial_overlap,206:220,215:224,kürtzlich / alles was diese menschliche Geselschaft befördert / das ist zu verlangen /,das ist zu verlangen / und zu handhaben /,subordination-relative clause,annotator_a
DE-HIST/2_Manually-Segmented/becher_part_1.tagged.tsv,DE,DE_HIST,A4,A5,partial_overlap,220:224,215:224,und zu handhaben /,das ist zu verlangen / und zu handhaben /,subordination-relative clause,annotator_a
DE-HIST/2_Manually-Segmented/becher_part_1.tagged.tsv,DE,DE_HIST,A4,A5,partial_overlap,224:238,224:233,und alles / waz diese menschliche Geselschaft schwächt / ist ab zu schaffen /,und alles / waz diese menschliche Geselschaft schwächt /,subordination-relative clause,annotator_a
DE-HIST/2_Manually-Segmented/becher_part_1.tagged.tsv,DE,DE_HIST,A4,A5,partial_overlap,224:238,233:242,und alles / waz diese menschliche Geselschaft schwächt / ist ab zu schaffen /,ist ab zu schaffen / und zu straffen :,subordination-relative clause,annotator_a
DE-HIST/2_Manually-Segmented/becher_part_1.tagged.tsv,DE,DE_HIST,A4,A5,partial_overlap,238:242,233:242,und zu straffen :,ist ab zu schaffen / und zu straffen :,style-ellipsis,annotator_a
DE-HIST/2_Manually-Segmented/becher_part_1.tagged.tsv,DE,DE_HIST,A4,A5,partial_overlap,439:441,439:444,die Nahrung,die Nahrung sag ich /,style-inlay,annotator_a
DE-HIST/2_Manually-Segmented/becher_part_1.tagged.tsv,DE,DE_HIST,A4,A5,partial_overlap,441:444,439:444,sag ich /,die Nahrung sag ich /,style-inlay,annotator_a
DE-HIST/2_Manually-Segmented/becher_part_1.tagged.tsv,DE,DE_HIST,A4,A5,partial_overlap,489:513,489:497,und das ist die andere fundamental Staats-Regul / nemlich umb ein Land populos zu machen / demselben gute Verdienst und Nahrung zu verschaffen .,und das ist die andere fundamental Staats-Regul /,syntax-coordinated clause missed,annotator_b
DE-HIST/2_Manually-Segmented/becher_part_1.tagged.tsv,DE,DE_HIST,A4,A5,partial_overlap,489:513,497:513,und das ist die andere fundamental Staats-Regul / nemlich umb ein Land populos zu machen / demselben gute Verdienst und Nahrung zu verschaffen .,nemlich umb ein Land populos zu machen / demselben gute Verdienst und Nahrung zu verschaffen .,syntax-coordinated clause missed,annotator_b
DE-HIST/2_Manually-Segmented/becher_part_1.tagged.tsv,DE,DE_HIST,A4,A5,partial_overlap,555:562,555:571,alwo / wann sie belägert werden /,alwo / wann sie belägert werden / man auß Mangl der Victualien / die Leut /,syntax-coordinated clause missed,annotator_a
DE-HIST/2_Manually-Segmented/becher_part_1.tagged.tsv,DE,DE_HIST,A4,A5,partial_overlap,562:571,555:571,man auß Mangl der Victualien / die Leut /,alwo / wann sie belägert werden / man auß Mangl der Victualien / die Leut /,syntax-coordinated clause missed,annotator_a
DE-HIST/2_Manually-Segmented/becher_part_1.tagged.tsv,DE,DE_HIST,A4,A5,partial_overlap,833:838,833:842,er zuvor jede Sätte consideriren,er zuvor jede Sätte consideriren und stimmen muß /,syntax-coordinated clause missed,annotator_a
DE-HIST/2_Manually-Segmented/becher_part_1.tagged.tsv,DE,DE_HIST,A4,A5,partial_overlap,838:842,833:842,und stimmen muß /,er zuvor jede Sätte consideriren und stimmen muß /,style-ellipsis,annotator_a
DE-HIST/2_Manually-Segmented/becher_part_1.tagged.tsv,DE,DE_HIST,A4,A5,partial_overlap,905:908,905:912,es gerahte ihm,es gerahte ihm wie es wolle /,syntax-coordinated clause missed,annotator_a
DE-HIST/2_Manually-Segmented/becher_part_1.tagged.tsv,DE,DE_HIST,A4,A5,partial_overlap,908:912,905:912,wie es wolle /,es gerahte ihm wie es wolle /,syntax-coordinated clause missed,annotator_a
DE-HIST/2_Manually-Segmented/becher_part_1.tagged.tsv,DE,DE_HIST,A4,A5,partial_overlap,987:1008,987:1004,wie sie in Puncto der Nahrung einander mit gemeiner Hand / sollen unter die Arme greiffen / und Gemeinschafft halten /,wie sie in Puncto der Nahrung einander mit gemeiner Hand / sollen unter die Arme greiffen /,syntax-coordinated clause missed,annotator_a
DE-HIST/2_Manually-Segmented/becher_part_1.tagged.tsv,DE,DE_HIST,A4,A5,partial_overlap,987:1008,1004:1016,wie sie in Puncto der Nahrung einander mit gemeiner Hand / sollen unter die Arme greiffen / und Gemeinschafft halten /,"und Gemeinschafft halten / consideriren , anatomiren , wieder zusammen setzen /",syntax-coordinated clause missed,annotator_a
DE-HIST/2_Manually-Segmented/becher_part_1.tagged.tsv,DE,DE_HIST,A4,A5,partial_overlap,1008:1010,1004:1016,"consideriren ,","und Gemeinschafft halten / consideriren , anatomiren , wieder zusammen setzen /",style-ellipsis,annotator_a
DE-HIST/2_Manually-Segmented/becher_part_1.tagged.tsv,DE,DE_HIST,A4,A5,partial_overlap,1010:1012,1004:1016,"anatomiren ,","und Gemeinschafft halten / consideriren , anatomiren , wieder zusammen setzen /",style-ellipsis,annotator_a
DE-HIST/2_Manually-Segmented/becher_part_1.tagged.tsv,DE,DE_HIST,A4,A5,partial_overlap,1012:1016,1004:1016,wieder zusammen setzen /,"und Gemeinschafft halten / consideriren , anatomiren , wieder zusammen setzen /",style-ellipsis,annotator_a
DE-HIST/2_Manually-Segmented/becher_part_1.tagged.tsv,DE,DE_HIST,A4,A5,partial_overlap,1025:1035,1025:1027,CAPUT II. Von Vnterscheid der Menschen in einer Gemeind .,CAPUT II.,other-arbitrary boundary,annotator_b
DE-HIST/2_Manually-Segmented/becher_part_1.tagged.tsv,DE,DE_HIST,A4,A5,partial_overlap,1025:1035,1027:1035,CAPUT II. Von Vnterscheid der Menschen in einer Gemeind .,Von Vnterscheid der Menschen in einer Gemeind .,other-arbitrary boundary,annotator_b
DE-HIST/2_Manually-Segmented/becher_part_1.tagged.tsv,DE,DE_HIST,A4,A5,partial_overlap,1035:1055,1035:1052,Ist dero halben zu wissen / daß in einer Gemein zweyerley Art Menschen von nöhten seyn ; eine Art /,Ist dero halben zu wissen / daß in einer Gemein zweyerley Art Menschen von nöhten seyn ;,style-list,annotator_b
DE-HIST/2_Manually-Segmented/becher_part_1.tagged.tsv,DE,DE_HIST,A4,A5,partial_overlap,1035:1055,1052:1064,Ist dero halben zu wissen / daß in einer Gemein zweyerley Art Menschen von nöhten seyn ; eine Art /,eine Art / von welcher als der meisten die Gemeinde bestehet /,style-list,annotator_b
DE-HIST/2_Manually-Segmented/becher_part_1.tagged.tsv,DE,DE_HIST,A4,A5,partial_overlap,1055:1074,1052:1064,von welcher als der meisten die Gemeinde bestehet / die andere aber / welche Diener der ersten seyn /,eine Art / von welcher als der meisten die Gemeinde bestehet /,style-list,annotator_b
DE-HIST/2_Manually-Segmented/becher_part_1.tagged.tsv,DE,DE_HIST,A4,A5,partial_overlap,1055:1074,1064:1074,von welcher als der meisten die Gemeinde bestehet / die andere aber / welche Diener der ersten seyn /,die andere aber / welche Diener der ersten seyn /,style-list,annotator_b
DE-HIST/2_Manually-Segmented/becher_part_1.tagged.tsv,DE,DE_HIST,A4,A5,partial_overlap,1074:1081,1074:1088,und hier unter gehört die Obrigkeit /,und hier untr gehört die Obrigkeit / welche eine Dienerin der Gemein ist /,subordination-relative clause,annotator_a
DE-HIST/2_Manually-Segmented/becher_part_1.tagged.tsv,DE,DE_HIST,A4,A5,partial_overlap,1081:1088,1074:1088,welche eine Dienerin der Gemein ist /,und hier unter gehört die Obrigkeit / welche eine Dienerin der Gemein ist /,subordination-relative clause,annotator_a
DE-HIST/2_Manually-Segmented/becher_part_1.tagged.tsv,DE,DE_HIST,A4,A5,partial_overlap,1127:1133,1127:1175,so seyn auch Diener der Gemeine,"so seyn auch Diener der Gemeine die Geistlichen / welche die Seel / die Gelehrte / welche das Gemüth / die Medici , Apothecker / Barbirer / Bader / welche die Gesundheit / die Soldaten / welche den Leib / und die gantze Stadt und Land verwahren ;",subordination-relative clause,annotator_a
DE-HIST/2_Manually-Segmented/becher_part_1.tagged.tsv,DE,DE_HIST,A4,A5,partial_overlap,1133:1175,1127:1175,"die Geistlichen / welche die Seel / die Gelehrte / welche das Gemüth / die Medici , Apothecker / Barbirer / Bader / welche die Gesundheit / die Soldaten / welche den Leib / und die gantze Stadt und Land verwahren ;","so seyn auch Diener der Gemeine die Geistlichen / welche die Seel / die Gelehrte / welche das Gemüth / die Medici , Apothecker / Barbirer / Bader / welche die Gesundheit / die Soldaten / welche den Leib / und die gantze Stadt und Land verwahren ;",subordination-relative clause,annotator_a
DE-HIST/2_Manually-Segmented/becher_part_1.tagged.tsv,DE,DE_HIST,A4,A5,partial_overlap,1221:1225,1221:1234,und dar umb /,und dar umb / da mit sie nicht überlästig der Gemeine fallen /,syntax-verbless,annotator_b
DE-HIST/2_Manually-Segmented/becher_part_1.tagged.tsv,DE,DE_HIST,A4,A5,partial_overlap,1225:1234,1221:1234,da mit sie nicht überlästig der Gemeine fallen /,und dar umb / da mit sie nicht überlästig der Gemeine fallen /,syntax-verbless,annotator_b
DE-HIST/2_Manually-Segmented/becher_part_1.tagged.tsv,DE,DE_HIST,A4,A5,partial_overlap,1341:1346,1341:1350,als sie ernehren können /,als sie ernehren können / oder vonnöhten haben /,subordination-relative clause,annotator_a
DE-HIST/2_Manually-Segmented/becher_part_1.tagged.tsv,DE,DE_HIST,A4,A5,partial_overlap,1346:1350,1341:1350,oder vonnöhten haben /,als sie ernehren können / oder vonnöhten haben /,subordination-relative clause,annotator_a
DE-HIST/2_Manually-Segmented/becher_part_1.tagged.tsv,DE,DE_HIST,A4,A5,partial_overlap,1422:1426,1422:1432,Solche Menschen nun /,Solche Menschen nun / derer Diener die vorige seynd /,subordination-relative clause,annotator_a
DE-HIST/2_Manually-Segmented/becher_part_1.tagged.tsv,DE,DE_HIST,A4,A5,partial_overlap,1441:1452,1441:1465,Der erste Stand ist der gröste / nemlich der Baurenstand /,Der erste Stand ist der gröste / nemlich der Baurenstand / der andere / der Handwercksstand / und der dritte / der Kaufmannsstand :,style-list,annotator_b
DE-HIST/2_Manually-Segmented/becher_part_1.tagged.tsv,DE,DE_HIST,A4,A5,partial_overlap,1452:1458,1441:1465,der andere / der Handwercksstand /,Der erste Stand ist der gröste / nemlich der Baurenstand / der andere / der Handwercksstand / und der dritte / der Kaufmannsstand :,style-list,annotator_b
DE-HIST/2_Manually-Segmented/becher_part_1.tagged.tsv,DE,DE_HIST,A4,A5,partial_overlap,1458:1465,1441:1465,und der dritte / der Kaufmannsstand :,Der erste Stand ist der gröste / nemlich der Baurenstand / der andere / der Handwercksstand / und der dritte / der Kaufmannsstand :,style-list,annotator_b
DE-HIST/2_Manually-Segmented/becher_part_1.tagged.tsv,DE,DE_HIST,A4,A5,partial_overlap,1508:1524,1508:1521,ist also der Baurenstand der erste / und gröste / auch nöhtigste : der erste /,ist also der Baurenstand der erste / und gröste / auch nöhtigste :,other-arbitrary boundary,annotator_b
DE-HIST/2_Manually-Segmented/becher_part_1.tagged.tsv,DE,DE_HIST,A4,A5,partial_overlap,1508:1524,1521:1531,ist also der Baurenstand der erste / und gröste / auch nöhtigste : der erste /,der erste / dieweil er die rohe Materi gibt /,other-arbitrary boundary,annotator_b
DE-HIST/2_Manually-Segmented/becher_part_1.tagged.tsv,DE,DE_HIST,A4,A5,partial_overlap,1524:1531,1521:1531,dieweil er die rohe Materi gibt /,der erste / dieweil er die rohe Materi gibt /,other-arbitrary boundary,annotator_b
DE-HIST/2_Manually-Segmented/becher_part_1.tagged.tsv,DE,DE_HIST,A4,A5,partial_overlap,1536:1544,1536:1541,und der Kaufmann verkauft : der gröste /,und der Kaufmann verkauft :,other-arbitrary boundary,annotator_b
DE-HIST/2_Manually-Segmented/becher_part_1.tagged.tsv,DE,DE_HIST,A4,A5,partial_overlap,1536:1544,1541:1553,und der Kaufmann verkauft : der gröste /,der gröste / dieweil der Bauren an m meisten seyn muͤssen /,other-arbitrary boundary,annotator_b
DE-HIST/2_Manually-Segmented/becher_part_1.tagged.tsv,DE,DE_HIST,A4,A5,partial_overlap,1544:1553,1541:1553,dieweil der Bauren an m meisten seyn muͤssen /,der gröste / dieweil der Bauren an m meisten seyn muͤssen /,other-arbitrary boundary,annotator_b
DE-HIST/2_Manually-Segmented/becher_part_1.tagged.tsv,DE,DE_HIST,A4,A5,partial_overlap,1553:1565,1553:1560,und / wie gleich vorher gedacht / ein Handwercksmann verarbeiten kan /,und / wie gleich vorher gedacht /,style-ellipsis,annotator_b
DE-HIST/2_Manually-Segmented/becher_part_1.tagged.tsv,DE,DE_HIST,A4,A5,partial_overlap,1553:1565,1560:1565,und / wie gleich vorher gedacht / ein Handwercksmann verarbeiten kan /,ein Handwercksmann verarbeiten kan /,style-ellipsis,annotator_b
DE-HIST/2_Manually-Segmented/becher_part_1.tagged.tsv,DE,DE_HIST,A4,A5,partial_overlap,1611:1622,1611:1642,daß also der Baursmann nicht allein das fundament von m Adelstand,daß also der Baursmann nicht allein das fundament von m Adelstand ( wor von ich nun nicht handle ) sondern auch der Grund von dem Civilstand und dessen societät ist .,style-inlay,annotator_a
DE-HIST/2_Manually-Segmented/becher_part_1.tagged.tsv,DE,DE_HIST,A4,A5,partial_overlap,1622:1630,1611:1642,( wor von ich nun nicht handle ),daß also der Baursmann nicht allein das fundament von m Adelstand ( wor von ich nun nicht handle ) sondern auch der Grund von dem Civilstand und dessen societät ist .,style-inlay,annotator_a
DE-HIST/2_Manually-Segmented/becher_part_1.tagged.tsv,DE,DE_HIST,A4,A5,partial_overlap,1630:1642,1611:1642,sondern auch der Grund von dem Civilstand und dessen societät ist .,daß also der Baursmann nicht allein das fundament von m Adelstand ( wor von ich nun nicht handle ) sondern auch der Grund von dem Civilstand und dessen societät ist .,style-inlay,annotator_a
DE-HIST/2_Manually-Segmented/becher_part_1.tagged.tsv,DE,DE_HIST,A4,A5,partial_overlap,1864:1867,1864:1872,welche alle /,welche alle / wann der Baursman verdirbt /,subordination-conditional,annotator_a
DE-HIST/2_Manually-Segmented/becher_part_1.tagged.tsv,DE,DE_HIST,A4,A5,partial_overlap,1867:1872,1864:1872,wann der Baursman verdirbt /,welche alle / wann der Baursman verdirbt /,subordination-conditional,annotator_a
DE-HIST/2_Manually-Segmented/becher_part_1.tagged.tsv,DE,DE_HIST,A4,A5,partial_overlap,1884:1903,1884:1888,ist also klar / daz der Baurenstand der gröste / und nöhtigste Stand zu r gemeinen Nahrung sey /,ist also klar /,subordination-relative clause,annotator_b
DE-HIST/2_Manually-Segmented/becher_part_1.tagged.tsv,DE,DE_HIST,A4,A5,partial_overlap,1884:1903,1888:1903,ist also klar / daz der Baurenstand der gröste / und nöhtigste Stand zu r gemeinen Nahrung sey /,daz der Baurenstand der gröste / und nöhtigste Stand zu r gemeinen Nahrung sey /,subordination-relative clause,annotator_b
DE-HIST/2_Manually-Segmented/becher_part_1.tagged.tsv,DE,DE_HIST,A4,A5,partial_overlap,2102:2105,2102:2112,Die Handwercke /,"Die Handwercke / so da Erdengewäx verarbeiten und tractiren ,",style-inlay,annotator_a
DE-HIST/2_Manually-Segmented/becher_part_1.tagged.tsv,DE,DE_HIST,A4,A5,partial_overlap,2105:2112,2102:2112,"so da Erdengewäx verarbeiten und tractiren ,","Die Handwercke / so da Erdengewäx verarbeiten und tractiren ,",style-inlay,annotator_a
DE-HIST/2_Manually-Segmented/becher_part_1.tagged.tsv,DE,DE_HIST,A4,A5,partial_overlap,2112:2115,2112:2117,seind unterschiedlich /,seind unterschiedlich / nemblich /,other-arbitrary boundary,annotator_a
DE-HIST/2_Manually-Segmented/becher_part_1.tagged.tsv,DE,DE_HIST,A4,A5,partial_overlap,2115:2123,2112:2117,nemblich / so viellerley derselben Species seind /,seind unterschiedlich / nemblich /,other-arbitrary boundary,annotator_a
DE-HIST/2_Manually-Segmented/becher_part_1.tagged.tsv,DE,DE_HIST,A4,A5,partial_overlap,2115:2123,2117:2123,nemblich / so viellerley derselben Species seind /,so viellerley derselben Species seind /,other-arbitrary boundary,annotator_a
DE-HIST/2_Manually-Segmented/becher_part_1.tagged.tsv,DE,DE_HIST,A4,A5,partial_overlap,2132:2137,2132:2149,die Metallen / und das,die Metallen / und das was von der Viehzucht / und Jagt her kommet / verarbeiten /,subordination-relative clause,annotator_a
DE-HIST/2_Manually-Segmented/becher_part_1.tagged.tsv,DE,DE_HIST,A4,A5,partial_overlap,2137:2147,2132:2149,was von der Viehzucht / und Jagt her kommet /,die Metallen / und das was von der Viehzucht / und Jagt her kommet / verarbeiten /,subordination-relative clause,annotator_a
DE-HIST/2_Manually-Segmented/becher_part_1.tagged.tsv,DE,DE_HIST,A4,A5,partial_overlap,2147:2149,2132:2149,verarbeiten /,die Metallen / und das was von der Viehzucht / und Jagt her kommet / verarbeiten /,subordination-relative clause,annotator_a
DE-HIST/2_Manually-Segmented/becher_part_1.tagged.tsv,DE,DE_HIST,A4,A5,partial_overlap,2209:2226,2209:2215,dann es were grosse Thorheit / einem Handels-Mann gebieten wollen / nur mit einerley zu handlen /,dann es were grosse Thorheit /,subordination-relative clause,annotator_b
DE-HIST/2_Manually-Segmented/becher_part_1.tagged.tsv,DE,DE_HIST,A4,A5,partial_overlap,2209:2226,2215:2226,dann es were grosse Thorheit / einem Handels-Mann gebieten wollen / nur mit einerley zu handlen /,einem Handels-Mann gebieten wollen / nur mit einerley zu handlen /,subordination-relative clause,annotator_b
DE-HIST/2_Manually-Segmented/becher_part_1.tagged.tsv,DE,DE_HIST,A4,A5,partial_overlap,2249:2255,2249:2260,welche die Handwercks Leut verlegen /,welche die Handwercks Leut verlegen / ihnen zu arbeiten geben /,style-list,annotator_a
DE-HIST/2_Manually-Segmented/becher_part_1.tagged.tsv,DE,DE_HIST,A4,A5,partial_overlap,2255:2260,2249:2260,ihnen zu arbeiten geben /,welche die Handwercks Leut verlegen / ihnen zu arbeiten geben /,style-list,annotator_a
E-CURRENT/2_Manually-Segmented/news_wsj_0135.tagged.tsv,E-CURRENT,E_CURRENT,A2,A1,partial_overlap,4:31,4:11,"it expects net income in the year ending June 30 , 1990 , to fall below a recent analyst 's estimate of $ 1.65 a share .",it expects net income in the year,non finite-gerund,annotator_a
E-CURRENT/2_Manually-Segmented/news_wsj_0135.tagged.tsv,E-CURRENT,E_CURRENT,A2,A1,partial_overlap,4:31,11:31,"it expects net income in the year ending June 30 , 1990 , to fall below a recent analyst 's estimate of $ 1.65 a share .","ending June 30 , 1990 , to fall below a recent analyst 's estimate of $ 1.65 a share .",non finite-gerund,annotator_a
E-CURRENT/2_Manually-Segmented/travel_IntroDublin.tagged.tsv,E-CURRENT,E_CURRENT,A2,A1,partial_overlap,57:65,57:72,At night the streets are crowded with people,At night the streets are crowded with people bent on having a good time .,non finite-gerund,annotator_b
E-CURRENT/2_Manually-Segmented/travel_IntroDublin.tagged.tsv,E-CURRENT,E_CURRENT,A2,A1,partial_overlap,65:72,57:72,bent on having a good time .,At night the streets are crowded with people bent on having a good time .,non finite-gerund,annotator_b
E-CURRENT/2_Manually-Segmented/travel_IntroDublin.tagged.tsv,E-CURRENT,E_CURRENT,A2,A1,partial_overlap,109:123,109:142,"This busy , modern European city sits on a thousand years of history —","This busy , modern European city sits on a thousand years of history — history is present everywhere , from elegant Merrion Square to the bullet holes on the General Post Office .",style-inlay,annotator_a
E-CURRENT/2_Manually-Segmented/travel_IntroDublin.tagged.tsv,E-CURRENT,E_CURRENT,A2,A1,partial_overlap,123:142,109:142,"history is present everywhere , from elegant Merrion Square to the bullet holes on the General Post Office .","This busy , modern European city sits on a thousand years of history — history is present everywhere , from elegant Merrion Square to the bullet holes on the General Post Office .",style-inlay,annotator_a
E-CURRENT/2_Manually-Segmented/travel_IntroDublin.tagged.tsv,E-CURRENT,E_CURRENT,A2,A1,partial_overlap,142:151,142:161,"It ’s also a city of the imagination ,","It ’s also a city of the imagination , reinvented and reappraised in the literature of its exiles .",non finite-gerund,annotator_b
E-CURRENT/2_Manually-Segmented/travel_IntroDublin.tagged.tsv,E-CURRENT,E_CURRENT,A2,A1,partial_overlap,151:152,142:161,reinvented,"It ’s also a city of the imagination , reinvented and reappraised in the literature of its exiles .",non finite-gerund,annotator_b
E-CURRENT/2_Manually-Segmented/travel_IntroDublin.tagged.tsv,E-CURRENT,E_CURRENT,A2,A1,partial_overlap,152:161,142:161,and reappraised in the literature of its exiles .,"It ’s also a city of the imagination , reinvented and reappraised in the literature of its exiles .",non finite-gerund,annotator_b
E-CURRENT/2_Manually-Segmented/travel_IntroDublin.tagged.tsv,E-CURRENT,E_CURRENT,A2,A1,partial_overlap,243:285,243:260,"for example , the 17th - century Royal Hospital now holds the Museum of Modern Art . And Dublin , a city large in expectations , is still small enough for the visitor to see most of its sights on foot .","for example , the 17th - century Royal Hospital now holds the Museum of Modern Art .",syntax-sentence boundary,annotator_b
E-CURRENT/2_Manually-Segmented/travel_IntroDublin.tagged.tsv,E-CURRENT,E_CURRENT,A2,A1,partial_overlap,243:285,260:285,"for example , the 17th - century Royal Hospital now holds the Museum of Modern Art . And Dublin , a city large in expectations , is still small enough for the visitor to see most of its sights on foot .","And Dublin , a city large in expectations , is still small enough for the visitor to see most of its sights on foot .",syntax-sentence boundary,annotator_b
E-CURRENT/2_Manually-Segmented/travel_IntroDublin.tagged.tsv,E-CURRENT,E_CURRENT,A2,A1,partial_overlap,363:373,363:377,"“ I never go north of the Liffey , ”","“ I never go north of the Liffey , ” one man remarked .",discourse-reported speech,annotator_a
E-CURRENT/2_Manually-Segmented/travel_IntroDublin.tagged.tsv,E-CURRENT,E_CURRENT,A2,A1,partial_overlap,373:377,363:377,one man remarked .,"“ I never go north of the Liffey , ” one man remarked .",discourse-reported speech,annotator_a
E-CURRENT/2_Manually-Segmented/travel_IntroDublin.tagged.tsv,E-CURRENT,E_CURRENT,A2,A1,partial_overlap,415:420,415:428,"and the Wicklow mountains ,","and the Wicklow mountains , which hold Dublin closely to the coast ",other-arbitrary boundary,annotator_b
E-CURRENT/2_Manually-Segmented/travel_IntroDublin.tagged.tsv,E-CURRENT,E_CURRENT,A2,A1,partial_overlap,420:428,415:428,"which hold Dublin closely to the coast ,","and the Wicklow mountains , which hold Dublin closely to the coast ,",other-arbitrary boundary,annotator_b
E-CURRENT/2_Manually-Segmented/travel_IntroDublin.tagged.tsv,E-CURRENT,E_CURRENT,A2,A1,partial_overlap,561:572,561:568,The climate here can best be described as “ changeable ”,The climate here can best be described,other-arbitrary boundary,annotator_a
E-CURRENT/2_Manually-Segmented/travel_IntroDublin.tagged.tsv,E-CURRENT,E_CURRENT,A2,A1,partial_overlap,561:572,568:594,The climate here can best be described as “ changeable ”,"as “ changeable ” and yet the sudden shifts from light to dark , sunshine to shower , are part of the city ’s magic .",other-arbitrary boundary,annotator_a
E-CURRENT/2_Manually-Segmented/travel_IntroDublin.tagged.tsv,E-CURRENT,E_CURRENT,A2,A1,partial_overlap,572:594,568:594,"and yet the sudden shifts from light to dark , sunshine to shower , are part of the city ’s magic .","as “ changeable ” and yet the sudden shifts from light to dark , sunshine to shower , are part of the city ’s magic .",other-arbitrary boundary,annotator_a
E-CURRENT/2_Manually-Segmented/travel_IntroDublin.tagged.tsv,E-CURRENT,E_CURRENT,A2,A1,partial_overlap,620:627,620:647,"Literature has always flourished in Dublin ,","Literature has always flourished in Dublin , the only city to have produced three Nobel Prize winners for literature — Yeats , Shaw , and Beckett .",syntax-verbless,annotator_b
E-CURRENT/2_Manually-Segmented/travel_IntroDublin.tagged.tsv,E-CURRENT,E_CURRENT,A2,A1,partial_overlap,627:647,620:647,"the only city to have produced three Nobel Prize winners for literature — Yeats , Shaw , and Beckett .","Literature has always flourished in Dublin , the only city to have produced three Nobel Prize winners for literature — Yeats , Shaw , and Beckett .",syntax-verbless,annotator_b
E-CURRENT/2_Manually-Segmented/travel_IntroDublin.tagged.tsv,E-CURRENT,E_CURRENT,A2,A1,partial_overlap,647:657,647:665,"Joyce , the high priest of literary Modernism , imagined","Joyce , the high priest of literary Modernism , imagined and interpreted Dublin for the world in Ulysses",non finite-gerund,annotator_b
E-CURRENT/2_Manually-Segmented/travel_IntroDublin.tagged.tsv,E-CURRENT,E_CURRENT,A2,A1,partial_overlap,657:665,647:665,and interpreted Dublin for the world in Ulysses,"Joyce , the high priest of literary Modernism , imagined and interpreted Dublin for the world in Ulysses",non finite-gerund,annotator_b
E-CURRENT/2_Manually-Segmented/travel_IntroDublin.tagged.tsv,E-CURRENT,E_CURRENT,A2,A1,partial_overlap,739:762,739:774,The city ’s impact on the rock and pop music scene with the likes of U2 and Bob Geldof is well known —,The city ’s impact on the rock and pop music scene with the likes of U2 and Bob Geldof is well known — there ’s even a self - guided tour of their haunts .,syntax-coordinated clause missed,annotator_a
E-CURRENT/2_Manually-Segmented/travel_IntroDublin.tagged.tsv,E-CURRENT,E_CURRENT,A2,A1,partial_overlap,762:774,739:774,there ’s even a self - guided tour of their haunts .,The city ’s impact on the rock and pop music scene with the likes of U2 and Bob Geldof is well known — there ’s even a self - guided tour of their haunts .,syntax-coordinated clause missed,annotator_a
E-CURRENT/2_Manually-Segmented/travel_IntroDublin.tagged.tsv,E-CURRENT,E_CURRENT,A2,A1,partial_overlap,804:809,804:838,"And in this city ,","And in this city , where literature and theater have historically dominated the scene , visual arts are finally coming into their own with the new Museum of Modern Art and the many galleries",style-inlay,annotator_a
E-CURRENT/2_Manually-Segmented/travel_IntroDublin.tagged.tsv,E-CURRENT,E_CURRENT,A2,A1,partial_overlap,809:819,804:838,"where literature and theater have historically dominated the scene ,","And in this city , where literature and theater have historically dominated the scene , visual arts are finally coming into their own with the new Museum of Modern Art and the many galleries",style-inlay,annotator_a
E-CURRENT/2_Manually-Segmented/travel_IntroDublin.tagged.tsv,E-CURRENT,E_CURRENT,A2,A1,partial_overlap,819:838,804:838,visual arts are finally coming into their own with the new Museum of Modern Art and the many galleries,"And in this city , where literature and theater have historically dominated the scene , visual arts are finally coming into their own with the new Museum of Modern Art and the many galleries",style-inlay,annotator_a
E-CURRENT/2_Manually-Segmented/travel_IntroDublin.tagged.tsv,E-CURRENT,E_CURRENT,A2,A1,partial_overlap,902:915,902:924,"Many shops , and also hotels and guest houses , have been owned","Many shops , and also hotels and guest houses , have been owned and managed by the same families for years ,",style-ellipsis,annotator_a
E-CURRENT/2_Manually-Segmented/travel_IntroDublin.tagged.tsv,E-CURRENT,E_CURRENT,A2,A1,partial_overlap,915:924,902:924,"and managed by the same families for years ,","Many shops , and also hotels and guest houses , have been owned and managed by the same families for years ,",style-ellipsis,annotator_a
E-CURRENT/2_Manually-Segmented/travel_IntroDublin.tagged.tsv,E-CURRENT,E_CURRENT,A2,A1,partial_overlap,946:954,946:958,"when you might have apologized for it ,","when you might have apologized for it , but no longer .",syntax-verbless,annotator_b
E-CURRENT/2_Manually-Segmented/travel_IntroDublin.tagged.tsv,E-CURRENT,E_CURRENT,A2,A1,partial_overlap,954:958,946:958,but no longer .,"when you might have apologized for it , but no longer .",syntax-verbless,annotator_b
E-CURRENT/2_Manually-Segmented/travel_IntroDublin.tagged.tsv,E-CURRENT,E_CURRENT,A2,A1,partial_overlap,984:991,984:987,Coffee has replaced the ubiquitous tea —,Coffee has replaced,other-arbitrary boundary,annotator_a
E-CURRENT/2_Manually-Segmented/travel_IntroDublin.tagged.tsv,E-CURRENT,E_CURRENT,A2,A1,partial_overlap,984:991,987:1005,Coffee has replaced the ubiquitous tea —,the ubiquitous tea — Dublin is now almost as much a coffee city as Vienna or Seattle .,other-arbitrary boundary,annotator_a
E-CURRENT/2_Manually-Segmented/travel_IntroDublin.tagged.tsv,E-CURRENT,E_CURRENT,A2,A1,partial_overlap,991:1005,987:1005,Dublin is now almost as much a coffee city as Vienna or Seattle .,the ubiquitous tea — Dublin is now almost as much a coffee city as Vienna or Seattle .,other-arbitrary boundary,annotator_a
E-CURRENT/2_Manually-Segmented/travel_IntroDublin.tagged.tsv,E-CURRENT,E_CURRENT,A2,A1,partial_overlap,1137:1153,1137:1145,The DART ( Dublin Area Rapid Transit ) runs north and south along the coast .,The DART ( Dublin Area Rapid Transit ),syntax-verbless,annotator_a
E-CURRENT/2_Manually-Segmented/travel_IntroDublin.tagged.tsv,E-CURRENT,E_CURRENT,A2,A1,partial_overlap,1137:1153,1145:1153,The DART ( Dublin Area Rapid Transit ) runs north and south along the coast .,runs north and south along the coast .,syntax-verbless,annotator_a
E-CURRENT/2_Manually-Segmented/travel_IntroDublin.tagged.tsv,E-CURRENT,E_CURRENT,A2,A1,partial_overlap,1153:1168,1153:1158,It ’s an ideal way for the visitor to reach outlying sights and villages .,It ’s an ideal way,non finite-to infinitive,annotator_a
E-CURRENT/2_Manually-Segmented/travel_IntroDublin.tagged.tsv,E-CURRENT,E_CURRENT,A2,A1,partial_overlap,1153:1168,1158:1168,It ’s an ideal way for the visitor to reach outlying sights and villages .,for the visitor to reach outlying sights and villages .,non finite-to infinitive,annotator_a
E-CURRENT/2_Manually-Segmented/travel_IntroDublin.tagged.tsv,E-CURRENT,E_CURRENT,A2,A1,partial_overlap,1236:1250,1236:1246,"and this influx helps to make Dublin a busy , buzzing international city .","and this influx helps to make Dublin a busy ,",non finite-gerund,annotator_a
E-CURRENT/2_Manually-Segmented/travel_IntroDublin.tagged.tsv,E-CURRENT,E_CURRENT,A2,A1,partial_overlap,1236:1250,1246:1250,"and this influx helps to make Dublin a busy , buzzing international city .",buzzing international city .,non finite-gerund,annotator_a
E-CURRENT/2_Manually-Segmented/travel_IntroDublin.tagged.tsv,E-CURRENT,E_CURRENT,A2,A1,partial_overlap,1277:1285,1277:1287,And young graduates are not leaving now —,And young graduates are not leaving now — multinational corporations,other-arbitrary boundary,annotator_a
E-CURRENT/2_Manually-Segmented/travel_IntroDublin.tagged.tsv,E-CURRENT,E_CURRENT,A2,A1,partial_overlap,1285:1292,1277:1287,multinational corporations and European Union investment mean,And young graduates are not leaving now — multinational corporations,other-arbitrary boundary,annotator_a
E-CURRENT/2_Manually-Segmented/travel_IntroDublin.tagged.tsv,E-CURRENT,E_CURRENT,A2,A1,partial_overlap,1285:1292,1287:1302,multinational corporations and European Union investment mean,and European Union investment mean there are plenty of opportunities for them at home .,subordination-relative clause,annotator_a
E-CURRENT/2_Manually-Segmented/travel_IntroDublin.tagged.tsv,E-CURRENT,E_CURRENT,A2,A1,partial_overlap,1292:1302,1287:1302,there are plenty of opportunities for them at home .,and European Union investment mean there are plenty of opportunities for them at home .,subordination-relative clause,annotator_a
E-CURRENT/2_Manually-Segmented/wiki_trees.tagged.tsv,E-CURRENT,E_CURRENT,A2,A1,partial_overlap,45:50,45:58,that are usable as lumber,that are usable as lumber or only plants above a specified height .,syntax-verbless,annotator_b
E-CURRENT/2_Manually-Segmented/wiki_trees.tagged.tsv,E-CURRENT,E_CURRENT,A2,A1,partial_overlap,50:58,45:58,or only plants above a specified height .,that are usable as lumber or only plants above a specified height .,syntax-verbless,annotator_b
E-CURRENT/2_Manually-Segmented/wiki_trees.tagged.tsv,E-CURRENT,E_CURRENT,A2,A1,partial_overlap,134:141,134:152,"Below the ground , the roots branch","Below the ground , the roots branch and spread out widely ; they serve to anchor the tree",syntax-coordinated clause missed,annotator_a
E-CURRENT/2_Manually-Segmented/wiki_trees.tagged.tsv,E-CURRENT,E_CURRENT,A2,A1,partial_overlap,141:146,134:152,and spread out widely ;,"Below the ground , the roots branch and spread out widely ; they serve to anchor the tree",syntax-coordinated clause missed,annotator_a
E-CURRENT/2_Manually-Segmented/wiki_trees.tagged.tsv,E-CURRENT,E_CURRENT,A2,A1,partial_overlap,146:161,134:152,they serve to anchor the tree and extract moisture and nutrients from the soil .,"Below the ground , the roots branch and spread out widely ; they serve to anchor the tree",syntax-coordinated clause missed,annotator_a
E-CURRENT/2_Manually-Segmented/wiki_trees.tagged.tsv,E-CURRENT,E_CURRENT,A2,A1,partial_overlap,146:161,152:161,they serve to anchor the tree and extract moisture and nutrients from the soil .,and extract moisture and nutrients from the soil .,syntax-coordinated clause missed,annotator_a
E-CURRENT/2_Manually-Segmented/wiki_trees.tagged.tsv,E-CURRENT,E_CURRENT,A2,A1,partial_overlap,234:242,234:249,"Trees tend to be long - lived ,","Trees tend to be long - lived , some reaching several thousand years old .",non finite-participle,annotator_a
E-CURRENT/2_Manually-Segmented/wiki_trees.tagged.tsv,E-CURRENT,E_CURRENT,A2,A1,partial_overlap,242:249,234:249,some reaching several thousand years old .,"Trees tend to be long - lived , some reaching several thousand years old .",non finite-participle,annotator_a
E-CURRENT/2_Manually-Segmented/wiki_trees.tagged.tsv,E-CURRENT,E_CURRENT,A2,A1,partial_overlap,303:328,303:320,that have independently evolved a woody trunk and branches as a way to tower above other plants and make full use of the sunlight .,that have independently evolved a woody trunk and branches as a way to tower above other plants,syntax-coordinated clause missed,annotator_b
E-CURRENT/2_Manually-Segmented/wiki_trees.tagged.tsv,E-CURRENT,E_CURRENT,A2,A1,partial_overlap,303:328,320:328,that have independently evolved a woody trunk and branches as a way to tower above other plants and make full use of the sunlight .,and make full use of the sunlight .,syntax-coordinated clause missed,annotator_b
E-CURRENT/2_Manually-Segmented/wiki_trees.tagged.tsv,E-CURRENT,E_CURRENT,A2,A1,partial_overlap,328:341,328:336,Trees play a significant role in reducing erosion and moderating the climate .,Trees play a significant role in reducing erosion,non finite-participle,annotator_a
E-CURRENT/2_Manually-Segmented/wiki_trees.tagged.tsv,E-CURRENT,E_CURRENT,A2,A1,partial_overlap,328:341,336:341,Trees play a significant role in reducing erosion and moderating the climate .,and moderating the climate .,non finite-participle,annotator_a
E-CURRENT/2_Manually-Segmented/wiki_trees.tagged.tsv,E-CURRENT,E_CURRENT,A2,A1,partial_overlap,385:405,385:413,"Trees provide shade and shelter , timber for construction , fuel for cooking and heating , and fruit for food","Trees provide shade and shelter , timber for construction , fuel for cooking and heating , and fruit for food as well as having many other uses .",non finite-participle,annotator_a
E-CURRENT/2_Manually-Segmented/wiki_trees.tagged.tsv,E-CURRENT,E_CURRENT,A2,A1,partial_overlap,405:413,385:413,as well as having many other uses .,"Trees provide shade and shelter , timber for construction , fuel for cooking and heating , and fruit for food as well as having many other uses .",non finite-participle,annotator_a
E-CURRENT/2_Manually-Segmented/wiki_trees.tagged.tsv,E-CURRENT,E_CURRENT,A2,A1,partial_overlap,436:448,436:449,"Because of their longevity and usefulness , trees have always been revered","Because of their longevity and usefulness , trees have always been revered and",other-arbitrary boundary,annotator_a
E-CURRENT/2_Manually-Segmented/wiki_trees.tagged.tsv,E-CURRENT,E_CURRENT,A2,A1,partial_overlap,448:461,436:449,and they play a role in many of the world 's mythologies .,"Because of their longevity and usefulness , trees have always been revered and",other-arbitrary boundary,annotator_a
E-CURRENT/2_Manually-Segmented/wiki_trees.tagged.tsv,E-CURRENT,E_CURRENT,A2,A1,partial_overlap,448:461,449:461,and they play a role in many of the world 's mythologies .,they play a role in many of the world 's mythologies .,other-arbitrary boundary,annotator_a
E-CURRENT/2_Manually-Segmented/wiki_trees.tagged.tsv,E-CURRENT,E_CURRENT,A2,A1,partial_overlap,464:475,464:495,"Although "" tree "" is a term of common parlance ,","Although "" tree "" is a term of common parlance , there is no universally recognised precise definition of what a tree is , neither botanically nor in common language .",syntax-coordinated clause missed,annotator_a
E-CURRENT/2_Manually-Segmented/wiki_trees.tagged.tsv,E-CURRENT,E_CURRENT,A2,A1,partial_overlap,475:482,464:495,there is no universally recognised precise definition,"Although "" tree "" is a term of common parlance , there is no universally recognised precise definition of what a tree is , neither botanically nor in common language .",syntax-coordinated clause missed,annotator_a
E-CURRENT/2_Manually-Segmented/wiki_trees.tagged.tsv,E-CURRENT,E_CURRENT,A2,A1,partial_overlap,482:488,464:495,"of what a tree is ,","Although "" tree "" is a term of common parlance , there is no universally recognised precise definition of what a tree is , neither botanically nor in common language .",syntax-coordinated clause missed,annotator_a
E-CURRENT/2_Manually-Segmented/wiki_trees.tagged.tsv,E-CURRENT,E_CURRENT,A2,A1,partial_overlap,488:495,464:495,neither botanically nor in common language .,"Although "" tree "" is a term of common parlance , there is no universally recognised precise definition of what a tree is , neither botanically nor in common language .",syntax-verbless,annotator_a
E-CURRENT/2_Manually-Segmented/wiki_trees.tagged.tsv,E-CURRENT,E_CURRENT,A2,A1,partial_overlap,531:539,531:542,"Trees are also typically defined by height ,","Trees are also typically defined by height , with smaller plants",other-arbitrary boundary,annotator_a
E-CURRENT/2_Manually-Segmented/wiki_trees.tagged.tsv,E-CURRENT,E_CURRENT,A2,A1,partial_overlap,539:547,531:542,"with smaller plants being classified as shrubs ,","Trees are also typically defined by height , with smaller plants",other-arbitrary boundary,annotator_a
E-CURRENT/2_Manually-Segmented/wiki_trees.tagged.tsv,E-CURRENT,E_CURRENT,A2,A1,partial_overlap,539:547,542:551,"with smaller plants being classified as shrubs ,","being classified as shrubs , however the minimum height",other-arbitrary boundary,annotator_a
E-CURRENT/2_Manually-Segmented/wiki_trees.tagged.tsv,E-CURRENT,E_CURRENT,A2,A1,partial_overlap,547:551,542:551,however the minimum height,"being classified as shrubs , however the minimum height",other-arbitrary boundary,annotator_a
E-CURRENT/2_Manually-Segmented/wiki_trees.tagged.tsv,E-CURRENT,E_CURRENT,A2,A1,partial_overlap,551:555,551:569,which defines a tree,"which defines a tree varies widely , from 10 m to 0.5 m. By these broadest definitions ,",other-arbitrary boundary,annotator_a
E-CURRENT/2_Manually-Segmented/wiki_trees.tagged.tsv,E-CURRENT,E_CURRENT,A2,A1,partial_overlap,555:564,551:569,"varies widely , from 10 m to 0.5 m.","which defines a tree varies widely , from 10 m to 0.5 m. By these broadest definitions ,",other-arbitrary boundary,annotator_a
E-CURRENT/2_Manually-Segmented/wiki_trees.tagged.tsv,E-CURRENT,E_CURRENT,A2,A1,partial_overlap,564:580,551:569,"By these broadest definitions , large herbaceous plants such as papaya and bananas are trees ,","which defines a tree varies widely , from 10 m to 0.5 m. By these broadest definitions ,",syntax-sentence boundary,annotator_a
E-CURRENT/2_Manually-Segmented/wiki_trees.tagged.tsv,E-CURRENT,E_CURRENT,A2,A1,partial_overlap,564:580,569:580,"By these broadest definitions , large herbaceous plants such as papaya and bananas are trees ,","large herbaceous plants such as papaya and bananas are trees ,",syntax-sentence boundary,annotator_a
E-CURRENT/2_Manually-Segmented/wiki_trees.tagged.tsv,E-CURRENT,E_CURRENT,A2,A1,partial_overlap,591:593,591:609,Another criterion,Another criterion often added to the definition of a tree is that it has a woody trunk .,non finite-participle,annotator_a
E-CURRENT/2_Manually-Segmented/wiki_trees.tagged.tsv,E-CURRENT,E_CURRENT,A2,A1,partial_overlap,593:601,591:609,often added to the definition of a tree,Another criterion often added to the definition of a tree is that it has a woody trunk .,non finite-participle,annotator_a
E-CURRENT/2_Manually-Segmented/wiki_trees.tagged.tsv,E-CURRENT,E_CURRENT,A2,A1,partial_overlap,601:602,591:609,is,Another criterion often added to the definition of a tree is that it has a woody trunk .,non finite-participle,annotator_a
E-CURRENT/2_Manually-Segmented/wiki_trees.tagged.tsv,E-CURRENT,E_CURRENT,A2,A1,partial_overlap,602:609,591:609,that it has a woody trunk .,Another criterion often added to the definition of a tree is that it has a woody trunk .,subordination-relative clause,annotator_a
E-CURRENT/2_Manually-Segmented/wiki_trees.tagged.tsv,E-CURRENT,E_CURRENT,A2,A1,partial_overlap,636:639,636:644,Despite being herbaceous,Despite being herbaceous and not undergoing secondary growth,syntax-coordinated clause missed,annotator_a
E-CURRENT/2_Manually-Segmented/wiki_trees.tagged.tsv,E-CURRENT,E_CURRENT,A2,A1,partial_overlap,639:644,636:644,and not undergoing secondary growth,Despite being herbaceous and not undergoing secondary growth,syntax-coordinated clause missed,annotator_a
E-CURRENT/2_Manually-Segmented/wiki_trees.tagged.tsv,E-CURRENT,E_CURRENT,A2,A1,partial_overlap,644:649,644:662,"and never producing wood ,","and never producing wood , palms and bamboo may produce "" pseudo - wood "" by lignifying cells",syntax-coordinated clause missed,annotator_a
E-CURRENT/2_Manually-Segmented/wiki_trees.tagged.tsv,E-CURRENT,E_CURRENT,A2,A1,partial_overlap,649:659,644:662,"palms and bamboo may produce "" pseudo - wood ""","and never producing wood , palms and bamboo may produce "" pseudo - wood "" by lignifying cells",syntax-coordinated clause missed,annotator_a
E-CURRENT/2_Manually-Segmented/wiki_trees.tagged.tsv,E-CURRENT,E_CURRENT,A2,A1,partial_overlap,659:662,644:662,by lignifying cells,"and never producing wood , palms and bamboo may produce "" pseudo - wood "" by lignifying cells",syntax-verbless,annotator_a
E-CURRENT/2_Manually-Segmented/wiki_trees.tagged.tsv,E-CURRENT,E_CURRENT,A2,A1,partial_overlap,679:685,679:692,Trees may be defined as plants,Trees may be defined as plants from which lumber can be produced .,syntax-verbless,annotator_b
E-CURRENT/2_Manually-Segmented/wiki_trees.tagged.tsv,E-CURRENT,E_CURRENT,A2,A1,partial_overlap,685:692,679:692,from which lumber can be produced .,Trees may be defined as plants from which lumber can be produced .,syntax-verbless,annotator_b
E-CURRENT/2_Manually-Segmented/wiki_trees.tagged.tsv,E-CURRENT,E_CURRENT,A2,A1,partial_overlap,705:709,705:718,"By growing taller ,","By growing taller , trees are able to compete better for sunlight .",syntax-verbless,annotator_b
E-CURRENT/2_Manually-Segmented/wiki_trees.tagged.tsv,E-CURRENT,E_CURRENT,A2,A1,partial_overlap,709:718,705:718,trees are able to compete better for sunlight .,"By growing taller , trees are able to compete better for sunlight .",syntax-verbless,annotator_b
E-CURRENT/2_Manually-Segmented/wiki_trees.tagged.tsv,E-CURRENT,E_CURRENT,A2,A1,partial_overlap,722:738,722:732,"that allow them to grow much taller than herbaceous plants and spread out their foliage ,",that allow them to grow much taller than herbaceous plants,syntax-coordinated clause missed,annotator_b
E-CURRENT/2_Manually-Segmented/wiki_trees.tagged.tsv,E-CURRENT,E_CURRENT,A2,A1,partial_overlap,722:738,732:742,"that allow them to grow much taller than herbaceous plants and spread out their foliage ,","and spread out their foliage , such as thicker stems",syntax-coordinated clause missed,annotator_b
E-CURRENT/2_Manually-Segmented/wiki_trees.tagged.tsv,E-CURRENT,E_CURRENT,A2,A1,partial_overlap,738:746,732:742,such as thicker stems composed of specialized cells,"and spread out their foliage , such as thicker stems",syntax-coordinated clause missed,annotator_b
E-CURRENT/2_Manually-Segmented/wiki_trees.tagged.tsv,E-CURRENT,E_CURRENT,A2,A1,partial_overlap,738:746,742:746,such as thicker stems composed of specialized cells,composed of specialized cells,non finite-participle,annotator_b
E-CURRENT/2_Manually-Segmented/wiki_trees.tagged.tsv,E-CURRENT,E_CURRENT,A2,A1,partial_overlap,760:767,760:772,that can increase their size each year,that can increase their size each year by producing woody stems .,subordination-relative clause,annotator_b
E-CURRENT/2_Manually-Segmented/wiki_trees.tagged.tsv,E-CURRENT,E_CURRENT,A2,A1,partial_overlap,767:772,760:772,by producing woody stems .,that can increase their size each year by producing woody stems .,syntax-verbless,annotator_b
E-CURRENT/2_Manually-Segmented/wiki_trees.tagged.tsv,E-CURRENT,E_CURRENT,A2,A1,partial_overlap,892:906,892:914,"and many of these areas have not yet been fully surveyed by botanists ,","and many of these areas have not yet been fully surveyed by botanists , making tree diversity and ranges poorly known .",non finite-participle,annotator_a
E-CURRENT/2_Manually-Segmented/wiki_trees.tagged.tsv,E-CURRENT,E_CURRENT,A2,A1,partial_overlap,906:914,892:914,making tree diversity and ranges poorly known .,"and many of these areas have not yet been fully surveyed by botanists , making tree diversity and ranges poorly known .",non finite-participle,annotator_a
E-CURRENT/2_Manually-Segmented/wiki_trees.tagged.tsv,E-CURRENT,E_CURRENT,A2,A1,partial_overlap,1029:1048,1029:1044,"The vascular system of trees allows water , nutrients and other chemicals to be distributed around the plant ,","The vascular system of trees allows water , nutrients and other chemicals to be distributed",other-arbitrary boundary,annotator_a
E-CURRENT/2_Manually-Segmented/wiki_trees.tagged.tsv,E-CURRENT,E_CURRENT,A2,A1,partial_overlap,1029:1048,1044:1060,"The vascular system of trees allows water , nutrients and other chemicals to be distributed around the plant ,","around the plant , and without it trees would not be able to grow as large",other-arbitrary boundary,annotator_a
E-CURRENT/2_Manually-Segmented/wiki_trees.tagged.tsv,E-CURRENT,E_CURRENT,A2,A1,partial_overlap,1048:1060,1044:1060,and without it trees would not be able to grow as large,"around the plant , and without it trees would not be able to grow as large",other-arbitrary boundary,annotator_a
E-CURRENT/2_Manually-Segmented/wiki_trees.tagged.tsv,E-CURRENT,E_CURRENT,A2,A1,partial_overlap,1094:1099,1094:1112,In trees and other plants,"In trees and other plants that develop wood , the vascular cambium allows the expansion of vascular tissue",subordination-relative clause,annotator_a
E-CURRENT/2_Manually-Segmented/wiki_trees.tagged.tsv,E-CURRENT,E_CURRENT,A2,A1,partial_overlap,1099:1103,1094:1112,"that develop wood ,","In trees and other plants that develop wood , the vascular cambium allows the expansion of vascular tissue",subordination-relative clause,annotator_a
E-CURRENT/2_Manually-Segmented/wiki_trees.tagged.tsv,E-CURRENT,E_CURRENT,A2,A1,partial_overlap,1103:1112,1094:1112,the vascular cambium allows the expansion of vascular tissue,"In trees and other plants that develop wood , the vascular cambium allows the expansion of vascular tissue",subordination-relative clause,annotator_a
E-CURRENT/2_Manually-Segmented/wiki_trees.tagged.tsv,E-CURRENT,E_CURRENT,A2,A1,partial_overlap,1140:1161,1140:1156,The cork cambium gives rise to thickened cork cells to protect the surface of the plant and reduce water loss .,The cork cambium gives rise to thickened cork cells to protect the surface of the plant,non finite-to infinitive,annotator_a
E-CURRENT/2_Manually-Segmented/wiki_trees.tagged.tsv,E-CURRENT,E_CURRENT,A2,A1,partial_overlap,1140:1161,1156:1161,The cork cambium gives rise to thickened cork cells to protect the surface of the plant and reduce water loss .,and reduce water loss .,non finite-to infinitive,annotator_a
E-CURRENT/2_Manually-Segmented/wiki_trees.tagged.tsv,E-CURRENT,E_CURRENT,A2,A1,partial_overlap,1184:1186,1184:1196,that persists,"that persists and remains green throughout the year , or deciduous ,",syntax-coordinated clause missed,annotator_a
E-CURRENT/2_Manually-Segmented/wiki_trees.tagged.tsv,E-CURRENT,E_CURRENT,A2,A1,partial_overlap,1186:1193,1184:1196,"and remains green throughout the year ,","that persists and remains green throughout the year , or deciduous ,",syntax-coordinated clause missed,annotator_a
E-CURRENT/2_Manually-Segmented/wiki_trees.tagged.tsv,E-CURRENT,E_CURRENT,A2,A1,partial_overlap,1193:1196,1184:1196,"or deciduous ,","that persists and remains green throughout the year , or deciduous ,",non finite-participle,annotator_a
E-CURRENT/2_Manually-Segmented/wiki_trees.tagged.tsv,E-CURRENT,E_CURRENT,A2,A1,partial_overlap,1229:1235,1229:1240,"dropping their needles each autumn ,","dropping their needles each autumn , and some species of cypress",non finite-participle,annotator_a
E-CURRENT/2_Manually-Segmented/wiki_trees.tagged.tsv,E-CURRENT,E_CURRENT,A2,A1,partial_overlap,1235:1255,1229:1240,"and some species of cypress ( Glyptostrobus , Metasequoia and Taxodium ) shed small leafy shoots annually in a process","dropping their needles each autumn , and some species of cypress",style-inlay,annotator_a
E-CURRENT/2_Manually-Segmented/wiki_trees.tagged.tsv,E-CURRENT,E_CURRENT,A2,A1,partial_overlap,1235:1255,1240:1255,"and some species of cypress ( Glyptostrobus , Metasequoia and Taxodium ) shed small leafy shoots annually in a process","( Glyptostrobus , Metasequoia and Taxodium ) shed small leafy shoots annually in a process",style-inlay,annotator_a
E-CURRENT/2_Manually-Segmented/wiki_trees.tagged.tsv,E-CURRENT,E_CURRENT,A2,A1,partial_overlap,1271:1277,1271:1285,"including the branches and leaves ,","including the branches and leaves , while the uppermost layer in a forest ,",syntax-coordinated clause missed,annotator_a
E-CURRENT/2_Manually-Segmented/wiki_trees.tagged.tsv,E-CURRENT,E_CURRENT,A2,A1,partial_overlap,1277:1285,1271:1285,"while the uppermost layer in a forest ,","including the branches and leaves , while the uppermost layer in a forest ,", syntax-coordinated clause missed,annotator_a
E-CURRENT/2_Manually-Segmented/wiki_trees.tagged.tsv,E-CURRENT,E_CURRENT,A2,A1,partial_overlap,1285:1293,1285:1299,"formed by the crowns of the trees ,","formed by the crowns of the trees , is known as the canopy .",syntax-coordinated clause missed,annotator_a
E-CURRENT/2_Manually-Segmented/wiki_trees.tagged.tsv,E-CURRENT,E_CURRENT,A2,A1,partial_overlap,1293:1299,1285:1299,is known as the canopy .,"formed by the crowns of the trees , is known as the canopy .",syntax-coordinated clause missed,annotator_a
E-CURRENT/2_Manually-Segmented/wiki_trees.tagged.tsv,E-CURRENT,E_CURRENT,A2,A1,partial_overlap,1394:1404,1394:1405,"growing up to 20 metres ( 66 ft ) ,","growing up to 20 metres ( 66 ft ) , but",other-arbitrary boundary,annotator_a
E-CURRENT/2_Manually-Segmented/wiki_trees.tagged.tsv,E-CURRENT,E_CURRENT,A2,A1,partial_overlap,1404:1414,1394:1405,but they are structurally very different from other trees :,"growing up to 20 metres ( 66 ft ) , but",other-arbitrary boundary,annotator_a
E-CURRENT/2_Manually-Segmented/wiki_trees.tagged.tsv,E-CURRENT,E_CURRENT,A2,A1,partial_overlap,1404:1414,1405:1414,but they are structurally very different from other trees :,they are structurally very different from other trees :,other-arbitrary boundary,annotator_a
E-CURRENT/2_Manually-Segmented/wiki_trees.tagged.tsv,E-CURRENT,E_CURRENT,A2,A1,partial_overlap,1435:1443,1435:1449,"In places where the climate is suitable ,","In places where the climate is suitable , trees are the climax vegetation .",syntax-coordinated clause missed,annotator_a
E-CURRENT/2_Manually-Segmented/wiki_trees.tagged.tsv,E-CURRENT,E_CURRENT,A2,A1,partial_overlap,1443:1449,1435:1449,trees are the climax vegetation .,"In places where the climate is suitable , trees are the climax vegetation .",syntax-coordinated clause missed,annotator_a
E-CURRENT/2_Manually-Segmented/wiki_trees.tagged.tsv,E-CURRENT,E_CURRENT,A2,A1,partial_overlap,1449:1462,1449:1480,"In some of the cool temperate regions , conifers tend to predominate ,","In some of the cool temperate regions , conifers tend to predominate , but in much of the southern hemisphere , the tropics , or in warm - temperate climates ,",other-arbitrary boundary,annotator_a
E-CURRENT/2_Manually-Segmented/wiki_trees.tagged.tsv,E-CURRENT,E_CURRENT,A2,A1,partial_overlap,1462:1488,1449:1480,"but in much of the southern hemisphere , the tropics , or in warm - temperate climates , broad - leaved trees are more common .","In some of the cool temperate regions , conifers tend to predominate , but in much of the southern hemisphere , the tropics , or in warm - temperate climates ,",other-arbitrary boundary,annotator_a
E-CURRENT/2_Manually-Segmented/wiki_trees.tagged.tsv,E-CURRENT,E_CURRENT,A2,A1,partial_overlap,1462:1488,1480:1488,"but in much of the southern hemisphere , the tropics , or in warm - temperate climates , broad - leaved trees are more common .",broad - leaved trees are more common .,other-arbitrary boundary,annotator_a
E-CURRENT/2_Manually-Segmented/wiki_trees.tagged.tsv,E-CURRENT,E_CURRENT,A2,A1,partial_overlap,1538:1546,1538:1570,"In tropical regions with a monsoon climate ,","In tropical regions with a monsoon climate , where a drier part of the year alternates with a wet period , different species of broad - leaved trees dominate the forest ,",subordination-relative clause,annotator_a
E-CURRENT/2_Manually-Segmented/wiki_trees.tagged.tsv,E-CURRENT,E_CURRENT,A2,A1,partial_overlap,1546:1559,1538:1570,"where a drier part of the year alternates with a wet period ,","In tropical regions with a monsoon climate , where a drier part of the year alternates with a wet period , different species of broad - leaved trees dominate the forest ,",subordination-relative clause,annotator_a
E-CURRENT/2_Manually-Segmented/wiki_trees.tagged.tsv,E-CURRENT,E_CURRENT,A2,A1,partial_overlap,1559:1570,1538:1570,"different species of broad - leaved trees dominate the forest ,","In tropical regions with a monsoon climate , where a drier part of the year alternates with a wet period , different species of broad - leaved trees dominate the forest ,",subordination-relative clause,annotator_a
E-CURRENT/2_Manually-Segmented/wiki_trees.tagged.tsv,E-CURRENT,E_CURRENT,A2,A1,partial_overlap,1576:1597,1576:1592,"In tropical regions with a drier savanna climate and insufficient rainfall to support dense forests , the canopy is not closed","In tropical regions with a drier savanna climate and insufficient rainfall to support dense forests ,",syntax-verbless,annotator_a
E-CURRENT/2_Manually-Segmented/wiki_trees.tagged.tsv,E-CURRENT,E_CURRENT,A2,A1,partial_overlap,1576:1597,1592:1597,"In tropical regions with a drier savanna climate and insufficient rainfall to support dense forests , the canopy is not closed",the canopy is not closed,syntax-verbless,annotator_a
E-CURRENT/2_Manually-Segmented/wiki_trees.tagged.tsv,E-CURRENT,E_CURRENT,A2,A1,partial_overlap,1650:1659,1650:1656,The long cold winter is unsuitable for plant growth,The long cold winter is unsuitable,other-arbitrary boundary,annotator_a
E-CURRENT/2_Manually-Segmented/wiki_trees.tagged.tsv,E-CURRENT,E_CURRENT,A2,A1,partial_overlap,1650:1659,1656:1669,The long cold winter is unsuitable for plant growth,for plant growth and trees must grow rapidly in the short summer season,other-arbitrary boundary,annotator_a
E-CURRENT/2_Manually-Segmented/wiki_trees.tagged.tsv,E-CURRENT,E_CURRENT,A2,A1,partial_overlap,1659:1669,1656:1669,and trees must grow rapidly in the short summer season,for plant growth and trees must grow rapidly in the short summer season,other-arbitrary boundary,annotator_a
E-CURRENT/2_Manually-Segmented/wiki_trees.tagged.tsv,E-CURRENT,E_CURRENT,A2,A1,partial_overlap,1709:1719,1709:1720,where the altitude causes the average temperature to be lower,where the altitude causes the average temperature to be lower thus,other-arbitrary boundary,annotator_a
E-CURRENT/2_Manually-Segmented/wiki_trees.tagged.tsv,E-CURRENT,E_CURRENT,A2,A1,partial_overlap,1719:1728,1709:1720,thus reducing the length of the growing season .,where the altitude causes the average temperature to be lower thus,other-arbitrary boundary,annotator_a
E-CURRENT/2_Manually-Segmented/wiki_trees.tagged.tsv,E-CURRENT,E_CURRENT,A2,A1,partial_overlap,1719:1728,1720:1728,thus reducing the length of the growing season .,reducing the length of the growing season .,other-arbitrary boundary,annotator_a
E-CURRENT/2_Manually-Segmented/wiki_trees.tagged.tsv,E-CURRENT,E_CURRENT,A2,A1,partial_overlap,1737:1777,1737:1749,"The roots of a tree serve to anchor it to the ground and gather water and nutrients to transfer to all parts of the tree , and for reproduction defense , survival , energy storage and many other purposes .",The roots of a tree serve to anchor it to the ground,non finite-to infinitive,annotator_a
E-CURRENT/2_Manually-Segmented/wiki_trees.tagged.tsv,E-CURRENT,E_CURRENT,A2,A1,partial_overlap,1737:1777,1749:1777,"The roots of a tree serve to anchor it to the ground and gather water and nutrients to transfer to all parts of the tree , and for reproduction defense , survival , energy storage and many other purposes .","and gather water and nutrients to transfer to all parts of the tree , and for reproduction defense , survival , energy storage and many other purposes .",non finite-to infinitive,annotator_a
E-CURRENT/2_Manually-Segmented/wiki_trees.tagged.tsv,E-CURRENT,E_CURRENT,A2,A1,partial_overlap,1777:1780,1777:1789,The first root,The first root produced by a newly germinated seedling is a taproot,syntax-verbless,annotator_b
E-CURRENT/2_Manually-Segmented/wiki_trees.tagged.tsv,E-CURRENT,E_CURRENT,A2,A1,partial_overlap,1780:1786,1777:1789,produced by a newly germinated seedling,The first root produced by a newly germinated seedling is a taproot,syntax-verbless,annotator_b
E-CURRENT/2_Manually-Segmented/wiki_trees.tagged.tsv,E-CURRENT,E_CURRENT,A2,A1,partial_overlap,1786:1789,1777:1789,is a taproot,The first root produced by a newly germinated seedling is a taproot,syntax-verbless,annotator_b
E-CURRENT/2_Manually-Segmented/wiki_trees.tagged.tsv,E-CURRENT,E_CURRENT,A2,A1,partial_overlap,1912:1919,1912:1929,Many of these are known as mycorrhiza,Many of these are known as mycorrhiza and form a mutualistic relationship with the tree roots .,syntax-coordinated clause missed,annotator_a
E-CURRENT/2_Manually-Segmented/wiki_trees.tagged.tsv,E-CURRENT,E_CURRENT,A2,A1,partial_overlap,1919:1929,1912:1929,and form a mutualistic relationship with the tree roots .,Many of these are known as mycorrhiza and form a mutualistic relationship with the tree roots .,syntax-coordinated clause missed,annotator_a
E-CURRENT/2_Manually-Segmented/wiki_trees.tagged.tsv,E-CURRENT,E_CURRENT,A2,A1,partial_overlap,1950:1953,1950:1959,Others are generalists,Others are generalists and associate with many species .,syntax-coordinated clause missed,annotator_a
E-CURRENT/2_Manually-Segmented/wiki_trees.tagged.tsv,E-CURRENT,E_CURRENT,A2,A1,partial_overlap,1953:1959,1950:1959,and associate with many species .,Others are generalists and associate with many species .,syntax-coordinated clause missed,annotator_a
E-CURRENT/2_Manually-Segmented/wiki_trees.tagged.tsv,E-CURRENT,E_CURRENT,A2,A1,partial_overlap,2021:2026,2021:2032,It can also limit damage,It can also limit damage done to a tree by pollution,non finite-participle,annotator_b
E-CURRENT/2_Manually-Segmented/wiki_trees.tagged.tsv,E-CURRENT,E_CURRENT,A2,A1,partial_overlap,2026:2032,2021:2032,done to a tree by pollution,It can also limit damage done to a tree by pollution,non finite-participle,annotator_b
E-CURRENT/2_Manually-Segmented/wiki_trees.tagged.tsv,E-CURRENT,E_CURRENT,A2,A1,partial_overlap,2073:2094,2073:2083,"Some trees such as the alders ( Alnus species ) have a symbiotic relationship with Frankia species , a filamentous bacterium",Some trees such as the alders ( Alnus species ),style-inlay,annotator_a
E-CURRENT/2_Manually-Segmented/wiki_trees.tagged.tsv,E-CURRENT,E_CURRENT,A2,A1,partial_overlap,2073:2094,2083:2094,"Some trees such as the alders ( Alnus species ) have a symbiotic relationship with Frankia species , a filamentous bacterium","have a symbiotic relationship with Frankia species , a filamentous bacterium",style-inlay,annotator_a
E-CURRENT/2_Manually-Segmented/wiki_trees.tagged.tsv,E-CURRENT,E_CURRENT,A2,A1,partial_overlap,2094:2102,2094:2107,"that can fix nitrogen from the air ,","that can fix nitrogen from the air , converting it into ammonia .",non finite-participle,annotator_a
E-CURRENT/2_Manually-Segmented/wiki_trees.tagged.tsv,E-CURRENT,E_CURRENT,A2,A1,partial_overlap,2102:2107,2094:2107,converting it into ammonia .,"that can fix nitrogen from the air , converting it into ammonia .",non finite-participle,annotator_a
E-CURRENT/2_Manually-Segmented/wiki_trees.tagged.tsv,E-CURRENT,E_CURRENT,A2,A1,partial_overlap,2144:2148,2144:2154,that certain plant hormones,that certain plant hormones called cytokinins initiate root nodule formation,non finite-participle,annotator_b
E-CURRENT/2_Manually-Segmented/wiki_trees.tagged.tsv,E-CURRENT,E_CURRENT,A2,A1,partial_overlap,2148:2150,2144:2154,called cytokinins,that certain plant hormones called cytokinins initiate root nodule formation,non finite-participle,annotator_b
E-CURRENT/2_Manually-Segmented/wiki_trees.tagged.tsv,E-CURRENT,E_CURRENT,A2,A1,partial_overlap,2150:2154,2144:2154,initiate root nodule formation,that certain plant hormones called cytokinins initiate root nodule formation,non finite-participle,annotator_b
E-CURRENT/2_Manually-Segmented/wiki_trees.tagged.tsv,E-CURRENT,E_CURRENT,A2,A1,partial_overlap,2259:2288,2259:2281,"The common purposes for aerial roots may be of two kinds , to contribute to the mechanical stability of the tree , and to obtain oxygen from air .","The common purposes for aerial roots may be of two kinds , to contribute to the mechanical stability of the tree ,",style-list,annotator_a
E-CURRENT/2_Manually-Segmented/wiki_trees.tagged.tsv,E-CURRENT,E_CURRENT,A2,A1,partial_overlap,2259:2288,2281:2288,"The common purposes for aerial roots may be of two kinds , to contribute to the mechanical stability of the tree , and to obtain oxygen from air .",and to obtain oxygen from air .,style-list,annotator_a
E-CURRENT/2_Manually-Segmented/wiki_trees.tagged.tsv,E-CURRENT,E_CURRENT,A2,A1,partial_overlap,2298:2302,2298:2310,that develops prop roots,that develops prop roots that loop out of the trunk and branches,subordination-relative clause,annotator_a
E-CURRENT/2_Manually-Segmented/wiki_trees.tagged.tsv,E-CURRENT,E_CURRENT,A2,A1,partial_overlap,2302:2310,2298:2310,that loop out of the trunk and branches,that develops prop roots that loop out of the trunk and branches,subordination-relative clause,annotator_a
E-HIST/2_Manually-Segmented/1702 BOYER_segmented_segment_1_part_1.tagged.tsv,E-HIST,E_HIST,A3,A5,partial_overlap,9:25,9:14,his Majesty refer'd them to what he had said to both Houses four Days before .,his Majesty refer'd them to,subordination-relative clause,annotator_b
E-HIST/2_Manually-Segmented/1702 BOYER_segmented_segment_1_part_1.tagged.tsv,E-HIST,E_HIST,A3,A5,partial_overlap,9:25,14:25,his Majesty refer'd them to what he had said to both Houses four Days before .,what he had said to both Houses four Days before .,subordination-relative clause,annotator_b
E-HIST/2_Manually-Segmented/1702 BOYER_segmented_segment_1_part_1.tagged.tsv,E-HIST,E_HIST,A3,A5,partial_overlap,53:63,53:76,"when they unanimously resolv'd effectually to assist his Majesty ,","when they unanimously resolv'd effectually to assist his Majesty , both to reduce Ireland , and to prosecute the War against France .",non finite-to infinitive,annotator_b
E-HIST/2_Manually-Segmented/1702 BOYER_segmented_segment_1_part_1.tagged.tsv,E-HIST,E_HIST,A3,A5,partial_overlap,63:68,53:76,"both to reduce Ireland ,","when they unanimously resolv'd effectually to assist his Majesty , both to reduce Ireland , and to prosecute the War against France .",non finite-to infinitive,annotator_b
E-HIST/2_Manually-Segmented/1702 BOYER_segmented_segment_1_part_1.tagged.tsv,E-HIST,E_HIST,A3,A5,partial_overlap,68:76,53:76,and to prosecute the War against France .,"when they unanimously resolv'd effectually to assist his Majesty , both to reduce Ireland , and to prosecute the War against France .",non finite-to infinitive,annotator_b
E-HIST/2_Manually-Segmented/1702 BOYER_segmented_segment_1_part_1.tagged.tsv,E-HIST,E_HIST,A3,A5,partial_overlap,116:132,116:125,"a Committee was appointed to enquire into the Informations that had been given against them ,",a Committee was appointed to enquire into the Informations,subordination-relative clause,annotator_b
E-HIST/2_Manually-Segmented/1702 BOYER_segmented_segment_1_part_1.tagged.tsv,E-HIST,E_HIST,A3,A5,partial_overlap,116:132,125:132,"a Committee was appointed to enquire into the Informations that had been given against them ,","that had been given against them ,",subordination-relative clause,annotator_b
E-HIST/2_Manually-Segmented/1702 BOYER_segmented_segment_1_part_1.tagged.tsv,E-HIST,E_HIST,A3,A5,partial_overlap,376:399,376:406,"On the 29th of October 1689 , came on the usual Solemnity of the Lord Mayor of London , and Sir Thomas Pilkinton","On the 29th of October 1689 , came on the usual Solemnity of the Lord Mayor of London , and Sir Thomas Pilkinton being continued for the Year 1690 ,",style-absolute construction,annotator_a
E-HIST/2_Manually-Segmented/1702 BOYER_segmented_segment_1_part_1.tagged.tsv,E-HIST,E_HIST,A3,A5,partial_overlap,399:406,376:406,"being continued for the Year 1690 ,","On the 29th of October 1689 , came on the usual Solemnity of the Lord Mayor of London , and Sir Thomas Pilkinton being continued for the Year 1690 ,",style-absolute construction,annotator_a
E-HIST/2_Manually-Segmented/1702 BOYER_segmented_segment_1_part_1.tagged.tsv,E-HIST,E_HIST,A3,A5,partial_overlap,436:468,436:444,"their Majesties attended by their Royal Highnesses , and a numerous Train of Nobility and Gentry , went first to a Balcony prepared for them in Cheapside to see the Spectacle :","their Majesties attended by their Royal Highnesses ,",subordination-reduced relative clause,annotator_b
E-HIST/2_Manually-Segmented/1702 BOYER_segmented_segment_1_part_1.tagged.tsv,E-HIST,E_HIST,A3,A5,partial_overlap,436:468,444:468,"their Majesties attended by their Royal Highnesses , and a numerous Train of Nobility and Gentry , went first to a Balcony prepared for them in Cheapside to see the Spectacle :","and a numerous Train of Nobility and Gentry , went first to a Balcony prepared for them in Cheapside to see the Spectacle :",subordination-reduced relative clause,annotator_b
E-HIST/2_Manually-Segmented/1702 BOYER_segmented_segment_1_part_1.tagged.tsv,E-HIST,E_HIST,A3,A5,partial_overlap,537:560,537:543,"which being very richly Accoutred , and led by the Earl of Monmouth , attended their Majesties from Whitehall into the City .","which being very richly Accoutred ,",style-absolute construction,annotator_b
E-HIST/2_Manually-Segmented/1702 BOYER_segmented_segment_1_part_1.tagged.tsv,E-HIST,E_HIST,A3,A5,partial_overlap,537:560,543:551,"which being very richly Accoutred , and led by the Earl of Monmouth , attended their Majesties from Whitehall into the City .","and led by the Earl of Monmouth ,",style-absolute construction,annotator_b
E-HIST/2_Manually-Segmented/1702 BOYER_segmented_segment_1_part_1.tagged.tsv,E-HIST,E_HIST,A3,A5,partial_overlap,537:560,551:560,"which being very richly Accoutred , and led by the Earl of Monmouth , attended their Majesties from Whitehall into the City .",attended their Majesties from Whitehall into the City .,style-absolute construction,annotator_b
E-HIST/2_Manually-Segmented/1702 BOYER_segmented_segment_1_part_1.tagged.tsv,E-HIST,E_HIST,A3,A5,partial_overlap,743:769,743:760,whereupon the Lord Mayor and Court of Aldermen promis'd a Reward of 500l . to any Person that should discover the Author of that Insolence .,whereupon the Lord Mayor and Court of Aldermen promis'd a Reward of 500l . to any Person,subordination-relative clause,annotator_b
E-HIST/2_Manually-Segmented/1702 BOYER_segmented_segment_1_part_1.tagged.tsv,E-HIST,E_HIST,A3,A5,partial_overlap,743:769,760:769,whereupon the Lord Mayor and Court of Aldermen promis'd a Reward of 500l . to any Person that should discover the Author of that Insolence .,that should discover the Author of that Insolence .,subordination-relative clause,annotator_b
E-HIST/2_Manually-Segmented/1702 BOYER_segmented_segment_1_part_1.tagged.tsv,E-HIST,E_HIST,A3,A5,partial_overlap,769:825,769:811,"The greatest part of the Rebels in Scotland having laid hold of the Act of Oblivion , and Collonel Cannon with a handful of Men under his Command , being retir'd into the Island of Mull , several of the Regiments , there were sent into Ireland to reinforce the Duke of Schomberg 's Army .","The greatest part of the Rebels in Scotland having laid hold of the Act of Oblivion , and Collonel Cannon with a handful of Men under his Command , being retir'd into the Island of Mull , several of the Regiments ,",style-absolute construction,annotator_b
E-HIST/2_Manually-Segmented/1702 BOYER_segmented_segment_1_part_1.tagged.tsv,E-HIST,E_HIST,A3,A5,partial_overlap,769:825,811:825,"The greatest part of the Rebels in Scotland having laid hold of the Act of Oblivion , and Collonel Cannon with a handful of Men under his Command , being retir'd into the Island of Mull , several of the Regiments , there were sent into Ireland to reinforce the Duke of Schomberg 's Army .",there were sent into Ireland to reinforce the Duke of Schomberg 's Army .,style-absolute construction,annotator_b
E-HIST/2_Manually-Segmented/1702 BOYER_segmented_segment_1_part_1.tagged.tsv,E-HIST,E_HIST,A3,A5,partial_overlap,931:962,931:945,"wherefore several Members of that Assembly Petition'd his Majesty for their speedy sitting , that they might pass such Bills as were a natural Consequence of their Petition of Right .","wherefore several Members of that Assembly Petition'd his Majesty for their speedy sitting ,",syntax-coordinated clause missed,annotator_b
E-HIST/2_Manually-Segmented/1702 BOYER_segmented_segment_1_part_1.tagged.tsv,E-HIST,E_HIST,A3,A5,partial_overlap,931:962,945:962,"wherefore several Members of that Assembly Petition'd his Majesty for their speedy sitting , that they might pass such Bills as were a natural Consequence of their Petition of Right .",that they might pass such Bills as were a natural Consequence of their Petition of Right .,syntax-coordinated clause missed,annotator_b
E-HIST/2_Manually-Segmented/1702 BOYER_segmented_segment_1_part_1.tagged.tsv,E-HIST,E_HIST,A3,A5,partial_overlap,1037:1063,1037:1055,"though without mentioning the House of Hanover , upon a wrong Suggestion from one of their Members , that there was but one only Daughter ,","though without mentioning the House of Hanover , upon a wrong Suggestion from one of their Members ,",syntax-verbless,annotator_a
E-HIST/2_Manually-Segmented/1702 BOYER_segmented_segment_1_part_1.tagged.tsv,E-HIST,E_HIST,A3,A5,partial_overlap,1037:1063,1055:1063,"though without mentioning the House of Hanover , upon a wrong Suggestion from one of their Members , that there was but one only Daughter ,","that there was but one only Daughter ,",syntax-verbless,annotator_a
E-HIST/2_Manually-Segmented/1702 BOYER_segmented_segment_1_part_1.tagged.tsv,E-HIST,E_HIST,A3,A5,partial_overlap,1077:1109,1077:1094,"At the same time the Attorney General was order'd to bring in a Bill of Indemnity , in such ample manner as might answer his Majesty 's gracious Intentions and Clemency .","At the same time the Attorney General was order'd to bring in a Bill of Indemnity ,",subordination-comparison,annotator_b
E-HIST/2_Manually-Segmented/1702 BOYER_segmented_segment_1_part_1.tagged.tsv,E-HIST,E_HIST,A3,A5,partial_overlap,1077:1109,1094:1109,"At the same time the Attorney General was order'd to bring in a Bill of Indemnity , in such ample manner as might answer his Majesty 's gracious Intentions and Clemency .",in such ample manner as might answer his Majesty 's gracious Intentions and Clemency .,subordination-comparison,annotator_b
E-HIST/2_Manually-Segmented/1702 BOYER_segmented_segment_1_part_1.tagged.tsv,E-HIST,E_HIST,A3,A5,partial_overlap,1109:1143,1109:1136,"On the other side the King order'd the Accounts of the Expences of last Summer , and of the necessary Charges for the next Years Service , to be laid before the Commons ,","On the other side the King order'd the Accounts of the Expences of last Summer , and of the necessary Charges for the next Years Service ,",non finite-to infinitive,annotator_a
E-HIST/2_Manually-Segmented/1702 BOYER_segmented_segment_1_part_1.tagged.tsv,E-HIST,E_HIST,A3,A5,partial_overlap,1109:1143,1136:1143,"On the other side the King order'd the Accounts of the Expences of last Summer , and of the necessary Charges for the next Years Service , to be laid before the Commons ,","to be laid before the Commons ,",non finite-to infinitive,annotator_a
E-HIST/2_Manually-Segmented/1702 BOYER_segmented_segment_1_part_1.tagged.tsv,E-HIST,E_HIST,A3,A5,partial_overlap,1161:1167,1161:1173,"About this time Collonel Ludlow ,","About this time Collonel Ludlow , who upon King Charls II .",style-absolute construction,annotator_b
E-HIST/2_Manually-Segmented/1702 BOYER_segmented_segment_1_part_1.tagged.tsv,E-HIST,E_HIST,A3,A5,partial_overlap,1167:1210,1161:1173,"who upon King Charls II . Restoration , was excepted out of the General Pardon by Act of Parliament in 1661 , for having been one of the Judges of King Charles I. upon the Encouragement given him by a great Courtier ,","About this time Collonel Ludlow , who upon King Charls II .",style-absolute construction,annotator_b
E-HIST/2_Manually-Segmented/1702 BOYER_segmented_segment_1_part_1.tagged.tsv,E-HIST,E_HIST,A3,A5,partial_overlap,1167:1210,1173:1189,"who upon King Charls II . Restoration , was excepted out of the General Pardon by Act of Parliament in 1661 , for having been one of the Judges of King Charles I. upon the Encouragement given him by a great Courtier ,","Restoration , was excepted out of the General Pardon by Act of Parliament in 1661 ,",style-absolute construction,annotator_b
E-HIST/2_Manually-Segmented/1702 BOYER_segmented_segment_1_part_1.tagged.tsv,E-HIST,E_HIST,A3,A5,partial_overlap,1167:1210,1189:1210,"who upon King Charls II . Restoration , was excepted out of the General Pardon by Act of Parliament in 1661 , for having been one of the Judges of King Charles I. upon the Encouragement given him by a great Courtier ,","for having been one of the Judges of King Charles I. upon the Encouragement given him by a great Courtier ,",style-absolute construction,annotator_b
E-HIST/2_Manually-Segmented/1702 BOYER_segmented_segment_1_part_1.tagged.tsv,E-HIST,E_HIST,A3,A5,partial_overlap,1293:1302,1293:1317,"that one of the Parricides of that King ,","that one of the Parricides of that King , whose Death the Church of England had justly dignified with the Title of Martyrdom ",style-inlay,annotator_a
E-HIST/2_Manually-Segmented/1702 BOYER_segmented_segment_1_part_1.tagged.tsv,E-HIST,E_HIST,A3,A5,partial_overlap,1302:1317,1293:1317,"whose Death the Church of England had justly dignified with the Title of Martyrdom ,","that one of the Parricides of that King , whose Death the Church of England had justly dignified with the Title of Martyrdom ,",style-inlay,annotator_a
E-HIST/2_Manually-Segmented/1702 BOYER_segmented_segment_1_part_1.tagged.tsv,E-HIST,E_HIST,A3,A5,partial_overlap,1381:1411,1381:1392,"but however he thought fit to favour the Collonels Escape , and not to publish his Proclamation till after he was safely arriv'd in Holland with the Dutch Ambassadors .","but however he thought fit to favour the Collonels Escape ,",non finite-to infinitive,annotator_b
E-HIST/2_Manually-Segmented/1702 BOYER_segmented_segment_1_part_1.tagged.tsv,E-HIST,E_HIST,A3,A5,partial_overlap,1381:1411,1392:1411,"but however he thought fit to favour the Collonels Escape , and not to publish his Proclamation till after he was safely arriv'd in Holland with the Dutch Ambassadors .",and not to publish his Proclamation till after he was safely arriv'd in Holland with the Dutch Ambassadors .,non finite-to infinitive,annotator_b
E-HIST/2_Manually-Segmented/1702 BOYER_segmented_segment_1_part_1.tagged.tsv,E-HIST,E_HIST,A3,A5,partial_overlap,1477:1493,1477:1483,"By these it is plain , that he acted upon a different Bottom from Cromwell ,","By these it is plain ,",syntax-coordinated clause missed,annotator_b
E-HIST/2_Manually-Segmented/1702 BOYER_segmented_segment_1_part_1.tagged.tsv,E-HIST,E_HIST,A3,A5,partial_overlap,1477:1493,1483:1493,"By these it is plain , that he acted upon a different Bottom from Cromwell ,","that he acted upon a different Bottom from Cromwell ,",syntax-coordinated clause missed,annotator_b
E-HIST/2_Manually-Segmented/1702 BOYER_segmented_segment_1_part_1.tagged.tsv,E-HIST,E_HIST,A3,A5,partial_overlap,1515:1521,1515:1534,"But as the execrable Murther ,","But as the execrable Murther , which he both promoted and approved in order to compass his Designs ,",syntax-coordinated clause missed,annotator_a
E-HIST/2_Manually-Segmented/1702 BOYER_segmented_segment_1_part_1.tagged.tsv,E-HIST,E_HIST,A3,A5,partial_overlap,1521:1534,1515:1534,"which he both promoted and approved in order to compass his Designs ,","But as the execrable Murther , which he both promoted and approved in order to compass his Designs ,",syntax-coordinated clause missed,annotator_a
E-HIST/2_Manually-Segmented/1702 BOYER_segmented_segment_1_part_1.tagged.tsv,E-HIST,E_HIST,A3,A5,partial_overlap,1539:1569,1539:1550,"so all that can be laid in his Favour is , that ' twas pity a Man of his Courage and Conduct was so unshaken in his wrong Principles .","so all that can be laid in his Favour is ,",syntax-coordinated clause missed,annotator_b
E-HIST/2_Manually-Segmented/1702 BOYER_segmented_segment_1_part_1.tagged.tsv,E-HIST,E_HIST,A3,A5,partial_overlap,1539:1569,1550:1569,"so all that can be laid in his Favour is , that ' twas pity a Man of his Courage and Conduct was so unshaken in his wrong Principles .",that ' twas pity a Man of his Courage and Conduct was so unshaken in his wrong Principles .,syntax-coordinated clause missed,annotator_b
E-HIST/2_Manually-Segmented/1702 BOYER_segmented_segment_1_part_1.tagged.tsv,E-HIST,E_HIST,A3,A5,partial_overlap,1776:1787,1776:1805,( at such a Day as his Majesty would appoint ),"( at such a Day as his Majesty would appoint ) to their House , if then actually Sitting , or to one of the Secretaries of State .",style-inlay,annotator_a
E-HIST/2_Manually-Segmented/1702 BOYER_segmented_segment_1_part_1.tagged.tsv,E-HIST,E_HIST,A3,A5,partial_overlap,1787:1805,1776:1805,"to their House , if then actually Sitting , or to one of the Secretaries of State .","( at such a Day as his Majesty would appoint ) to their House , if then actually Sitting , or to one of the Secretaries of State .",style-inlay,annotator_a
E-HIST/2_Manually-Segmented/1702 BOYER_segmented_segment_1_part_1.tagged.tsv,E-HIST,E_HIST,A3,A5,partial_overlap,1805:1811,1805:1818,"His Lordship being accordingly Summon'd ,","His Lordship being accordingly Summon'd , surrendred himself to the Lord Nottingham ,",style-absolute construction,annotator_a
E-HIST/2_Manually-Segmented/1702 BOYER_segmented_segment_1_part_1.tagged.tsv,E-HIST,E_HIST,A3,A5,partial_overlap,1811:1818,1805:1818,"surrendred himself to the Lord Nottingham ,","His Lordship being accordingly Summon'd , surrendred himself to the Lord Nottingham ,",style-absolute construction,annotator_a
E-HIST/2_Manually-Segmented/1702 BOYER_segmented_segment_1_part_1.tagged.tsv,E-HIST,E_HIST,A3,A5,partial_overlap,1839:1854,1839:1842,"That he knew what he had to do before his sitting in that House ,",That he knew,syntax-coordinated clause missed,annotator_b
E-HIST/2_Manually-Segmented/1702 BOYER_segmented_segment_1_part_1.tagged.tsv,E-HIST,E_HIST,A3,A5,partial_overlap,1839:1854,1842:1854,"That he knew what he had to do before his sitting in that House ,","what he had to do before his sitting in that House ,",syntax-coordinated clause missed,annotator_b
E-HIST/2_Manually-Segmented/1702 BOYER_segmented_segment_1_part_1.tagged.tsv,E-HIST,E_HIST,A3,A5,partial_overlap,1891:1907,1891:1894,which plainly discover'd how little the Lord Griffin was inclin'd to own the present Government .,which plainly discover'd,syntax-coordinated clause missed,annotator_b
E-HIST/2_Manually-Segmented/1702 BOYER_segmented_segment_1_part_1.tagged.tsv,E-HIST,E_HIST,A3,A5,partial_overlap,1891:1907,1894:1907,which plainly discover'd how little the Lord Griffin was inclin'd to own the present Government .,how little the Lord Griffin was inclin'd to own the present Government .,syntax-coordinated clause missed,annotator_b
E-HIST/2_Manually-Segmented/1702 BOYER_segmented_segment_1_part_1.tagged.tsv,E-HIST,E_HIST,A3,A5,partial_overlap,1931:1954,1931:1947,"order'd his Cook to go to a Pewterers at an unseasonable Hour of the Night , to get the false Bottom folder'd :","order'd his Cook to go to a Pewterers at an unseasonable Hour of the Night ,",non finite-to infinitive,annotator_a
E-HIST/2_Manually-Segmented/1702 BOYER_segmented_segment_1_part_1.tagged.tsv,E-HIST,E_HIST,A3,A5,partial_overlap,1931:1954,1947:1954,"order'd his Cook to go to a Pewterers at an unseasonable Hour of the Night , to get the false Bottom folder'd :",to get the false Bottom folder'd :,non finite-to infinitive,annotator_a
E-HIST/2_Manually-Segmented/1702 BOYER_segmented_segment_1_part_1.tagged.tsv,E-HIST,E_HIST,A3,A5,partial_overlap,2041:2055,2041:2059,"and his Servants refusing to admit the Pewterer to their Matter 's Presence ,","and his Servants refusing to admit the Pewterer to their Matter 's Presence , the Lord Griffin ,",syntax-verbless,annotator_b
E-HIST/2_Manually-Segmented/1702 BOYER_segmented_segment_1_part_1.tagged.tsv,E-HIST,E_HIST,A3,A5,partial_overlap,2055:2059,2041:2059,"the Lord Griffin ,","and his Servants refusing to admit the Pewterer to their Matter 's Presence , the Lord Griffin ,",syntax-verbless,annotator_b
E-HIST/2_Manually-Segmented/1702 BOYER_segmented_segment_1_part_1.tagged.tsv,E-HIST,E_HIST,A3,A5,partial_overlap,2211:2229,2211:2219,"Thereupon the Commons appointed a Committee to enquire how the Lord Griffin came to know a Resolution ,",Thereupon the Commons appointed a Committee to enquire,syntax-coordinated clause missed,annotator_b
E-HIST/2_Manually-Segmented/1702 BOYER_segmented_segment_1_part_1.tagged.tsv,E-HIST,E_HIST,A3,A5,partial_overlap,2211:2229,2219:2229,"Thereupon the Commons appointed a Committee to enquire how the Lord Griffin came to know a Resolution ,","how the Lord Griffin came to know a Resolution ,",syntax-coordinated clause missed,annotator_b
E-HIST/2_Manually-Segmented/1702 BOYER_segmented_segment_1_part_1.tagged.tsv,E-HIST,E_HIST,A3,A5,partial_overlap,2302:2324,2302:2316,"and because some few Days before it had been resolv'd in that House , that Colonel Algernoon Sidney was unjustly Condemn'd ,","and because some few Days before it had been resolv'd in that House ,",syntax-coordinated clause missed,annotator_b
E-HIST/2_Manually-Segmented/1702 BOYER_segmented_segment_1_part_1.tagged.tsv,E-HIST,E_HIST,A3,A5,partial_overlap,2302:2324,2316:2328,"and because some few Days before it had been resolv'd in that House , that Colonel Algernoon Sidney was unjustly Condemn'd ,","that Colonel Algernoon Sidney was unjustly Condemn'd , nothing but Writings ,",syntax-coordinated clause missed,annotator_b
E-HIST/2_Manually-Segmented/1702 BOYER_segmented_segment_1_part_1.tagged.tsv,E-HIST,E_HIST,A3,A5,partial_overlap,2324:2339,2316:2328,"nothing but Writings , found in his Closet , having been produc'd against him ,","that Colonel Algernoon Sidney was unjustly Condemn'd , nothing but Writings ,",style-absolute construction,annotator_b
E-HIST/2_Manually-Segmented/1702 BOYER_segmented_segment_1_part_1.tagged.tsv,E-HIST,E_HIST,A3,A5,partial_overlap,2324:2339,2328:2333,"nothing but Writings , found in his Closet , having been produc'd against him ,","found in his Closet ,",style-absolute construction,annotator_b
E-HIST/2_Manually-Segmented/1702 BOYER_segmented_segment_1_part_1.tagged.tsv,E-HIST,E_HIST,A3,A5,partial_overlap,2324:2339,2333:2339,"nothing but Writings , found in his Closet , having been produc'd against him ,","having been produc'd against him ,",style-absolute construction,annotator_b
E-HIST/2_Manually-Segmented/1702 BOYER_segmented_segment_1_part_1.tagged.tsv,E-HIST,E_HIST,A3,A5,partial_overlap,2553:2571,2553:2565,"which was rejected , upon his Subscribing himself , Viscount Preston , without expressing of what Kingdom ;","which was rejected , upon his Subscribing himself , Viscount Preston ,",style-absolute construction,annotator_b
E-HIST/2_Manually-Segmented/1702 BOYER_segmented_segment_1_part_1.tagged.tsv,E-HIST,E_HIST,A3,A5,partial_overlap,2553:2571,2565:2571,"which was rejected , upon his Subscribing himself , Viscount Preston , without expressing of what Kingdom ;",without expressing of what Kingdom ;,style-absolute construction,annotator_b
E-HIST/2_Manually-Segmented/1702 BOYER_segmented_segment_1_part_1.tagged.tsv,E-HIST,E_HIST,A3,A5,partial_overlap,2586:2604,2586:2595,"and moreover it being alledg'd in his behalf , that by accepting a Patent from King James ,","and moreover it being alledg'd in his behalf ,",syntax-coordinated clause missed,annotator_b
E-HIST/2_Manually-Segmented/1702 BOYER_segmented_segment_1_part_1.tagged.tsv,E-HIST,E_HIST,A3,A5,partial_overlap,2586:2604,2595:2604,"and moreover it being alledg'd in his behalf , that by accepting a Patent from King James ,","that by accepting a Patent from King James ,",syntax-coordinated clause missed,annotator_b
E-HIST/2_Manually-Segmented/1702 BOYER_segmented_segment_1_part_1.tagged.tsv,E-HIST,E_HIST,A3,A5,partial_overlap,2604:2623,2604:2613,"he never meant an Affront to King William , but only to secure his own Person from Imprisonment ,","he never meant an Affront to King William ,",non finite-to infinitive,annotator_b
E-HIST/2_Manually-Segmented/1702 BOYER_segmented_segment_1_part_1.tagged.tsv,E-HIST,E_HIST,A3,A5,partial_overlap,2604:2623,2613:2623,"he never meant an Affront to King William , but only to secure his own Person from Imprisonment ,","but only to secure his own Person from Imprisonment ,",non finite-to infinitive,annotator_a
E-HIST/2_Manually-Segmented/1702 BOYER_segmented_segment_1_part_1.tagged.tsv,E-HIST,E_HIST,A3,A5,partial_overlap,2951:2970,2951:2959,During this interval the Discontented printed several Papers wherein the Legality of the Convocation was call'd in Question ;,During this interval the Discontented printed several Papers,syntax-coordinated clause missed,annotator_b
E-HIST/2_Manually-Segmented/1702 BOYER_segmented_segment_1_part_1.tagged.tsv,E-HIST,E_HIST,A3,A5,partial_overlap,2951:2970,2959:2970,During this interval the Discontented printed several Papers wherein the Legality of the Convocation was call'd in Question ;,wherein the Legality of the Convocation was call'd in Question ;,syntax-coordinated clause missed,annotator_b
E-HIST/2_Manually-Segmented/1702 BOYER_segmented_segment_1_part_1.tagged.tsv,E-HIST,E_HIST,A3,A5,partial_overlap,2995:3010,2995:3032,"On the 21st of November both Houses of the Convocation being Assembled at Westminster ,","On the 21st of November both Houses of the Convocation being Assembled at Westminster , the Upper chose , the Bishop of London , and the Lower Dr. Jones to be their Respective Prolocutors or Speakers .",style-absolute construction,annotator_a
E-HIST/2_Manually-Segmented/1702 BOYER_segmented_segment_1_part_1.tagged.tsv,E-HIST,E_HIST,A3,A5,partial_overlap,3010:3032,2995:3032,"the Upper chose , the Bishop of London , and the Lower Dr. Jones to be their Respective Prolocutors or Speakers .","On the 21st of November both Houses of the Convocation being Assembled at Westminster , the Upper chose , the Bishop of London , and the Lower Dr. Jones to be their Respective Prolocutors or Speakers .",style-absolute construction,annotator_a
E-HIST/2_Manually-Segmented/1702 BOYER_segmented_segment_1_part_1.tagged.tsv,E-HIST,E_HIST,A3,A5,partial_overlap,3200:3208,3200:3223,"Many of the Members , being absent ,","Many of the Members , being absent , the Convocation Adjourn'd to the next Day , without debating any thing of Moment .",style-absolute construction,annotator_a
E-HIST/2_Manually-Segmented/1702 BOYER_segmented_segment_1_part_1.tagged.tsv,E-HIST,E_HIST,A3,A5,partial_overlap,3208:3223,3200:3223,"the Convocation Adjourn'd to the next Day , without debating any thing of Moment .","Many of the Members , being absent , the Convocation Adjourn'd to the next Day , without debating any thing of Moment .",style-absolute construction,annotator_a
E-HIST/2_Manually-Segmented/1702 BOYER_segmented_segment_1_part_1.tagged.tsv,E-HIST,E_HIST,A3,A5,partial_overlap,3223:3251,3223:3237,"The Bishop of London being sensible that the Majority of the Lower House , were resolv'd to oppose the intended Union with the Dissenters acquainted the Convocation ,","The Bishop of London being sensible that the Majority of the Lower House ,",style-absolute construction,annotator_b
E-HIST/2_Manually-Segmented/1702 BOYER_segmented_segment_1_part_1.tagged.tsv,E-HIST,E_HIST,A3,A5,partial_overlap,3223:3251,3237:3251,"The Bishop of London being sensible that the Majority of the Lower House , were resolv'd to oppose the intended Union with the Dissenters acquainted the Convocation ,","were resolv'd to oppose the intended Union with the Dissenters acquainted the Convocation ,",style-absolute construction,annotator_b
E-HIST/2_Manually-Segmented/1702 BOYER_segmented_segment_1_part_1.tagged.tsv,E-HIST,E_HIST,A3,A5,partial_overlap,3280:3290,3280:3285,and therefore they must Adjourn till that was procured .,and therefore they must Adjourn,syntax-coordinated clause missed,annotator_b
E-HIST/2_Manually-Segmented/1702 BOYER_segmented_segment_1_part_1.tagged.tsv,E-HIST,E_HIST,A3,A5,partial_overlap,3280:3290,3285:3290,and therefore they must Adjourn till that was procured .,till that was procured .,syntax-coordinated clause missed,annotator_b
E-HIST/2_Manually-Segmented/1702 BOYER_segmented_segment_1_part_1.tagged.tsv,E-HIST,E_HIST,A3,A5,partial_overlap,3365:3381,3365:3374,"and some other insignificant tho ' innocent Ceremonies , at which the Presbyterians were offended ;","and some other insignificant tho ' innocent Ceremonies ,",syntax-verbless,annotator_a
E-HIST/2_Manually-Segmented/1702 BOYER_segmented_segment_1_part_1.tagged.tsv,E-HIST,E_HIST,A3,A5,partial_overlap,3365:3381,3374:3381,"and some other insignificant tho ' innocent Ceremonies , at which the Presbyterians were offended ;",at which the Presbyterians were offended ;,syntax-verbless,annotator_a
E-HIST/2_Manually-Segmented/1736 SALMON_segment_1_part_1.tagged.tsv,E-HIST,E_HIST,A3,A5,partial_overlap,43:61,43:58,"if King Henry 's Marriage with his Brother 's Wife , the Princess Katherine , was void ,","if King Henry 's Marriage with his Brother 's Wife , the Princess Katherine ,",syntax-verbless,annotator_a
E-HIST/2_Manually-Segmented/1736 SALMON_segment_1_part_1.tagged.tsv,E-HIST,E_HIST,A3,A5,partial_overlap,43:61,58:66,"if King Henry 's Marriage with his Brother 's Wife , the Princess Katherine , was void ,","was void , as the English Divines ,",syntax-verbless,annotator_a
E-HIST/2_Manually-Segmented/1736 SALMON_segment_1_part_1.tagged.tsv,E-HIST,E_HIST,A3,A5,partial_overlap,61:74,58:66,"as the English Divines , and many of the foreign Universities held .","was void , as the English Divines ,",syntax-verbless,annotator_a
E-HIST/2_Manually-Segmented/1736 SALMON_segment_1_part_1.tagged.tsv,E-HIST,E_HIST,A3,A5,partial_overlap,61:74,66:74,"as the English Divines , and many of the foreign Universities held .",and many of the foreign Universities held .,syntax-verbless,annotator_a
E-HIST/2_Manually-Segmented/1736 SALMON_segment_1_part_1.tagged.tsv,E-HIST,E_HIST,A3,A5,partial_overlap,178:190,178:199,"having had all the Virtues and Accomplishments of her mighty Father ,","having had all the Virtues and Accomplishments of her mighty Father , and scarce any of his Vices and Imperfections ;",syntax-verbless,annotator_b
E-HIST/2_Manually-Segmented/1736 SALMON_segment_1_part_1.tagged.tsv,E-HIST,E_HIST,A3,A5,partial_overlap,190:199,178:199,and scarce any of his Vices and Imperfections ;,"having had all the Virtues and Accomplishments of her mighty Father , and scarce any of his Vices and Imperfections ;",syntax-verbless,annotator_b
E-HIST/2_Manually-Segmented/1736 SALMON_segment_1_part_1.tagged.tsv,E-HIST,E_HIST,A3,A5,partial_overlap,261:287,261:272,"And in reality , no Prince , since the Creation , had ever more sincerely the Hearts of their Subjects , than this illustrious Queen .","And in reality , no Prince , since the Creation ,",syntax-verbless,annotator_a
E-HIST/2_Manually-Segmented/1736 SALMON_segment_1_part_1.tagged.tsv,E-HIST,E_HIST,A3,A5,partial_overlap,261:287,272:287,"And in reality , no Prince , since the Creation , had ever more sincerely the Hearts of their Subjects , than this illustrious Queen .","had ever more sincerely the Hearts of their Subjects , than this illustrious Queen .",syntax-verbless,annotator_a
E-HIST/2_Manually-Segmented/1736 SALMON_segment_1_part_1.tagged.tsv,E-HIST,E_HIST,A3,A5,partial_overlap,316:318,316:336,"which ,","which , if the Goodness and Excellency of it may be measur'd by the great Happiness of the People ,",style-inlay,annotator_a
E-HIST/2_Manually-Segmented/1736 SALMON_segment_1_part_1.tagged.tsv,E-HIST,E_HIST,A3,A5,partial_overlap,318:336,316:336,"if the Goodness and Excellency of it may be measur'd by the great Happiness of the People ,","which , if the Goodness and Excellency of it may be measur'd by the great Happiness of the People ,",style-inlay,annotator_a
E-HIST/2_Manually-Segmented/1736 SALMON_segment_1_part_1.tagged.tsv,E-HIST,E_HIST,A3,A5,partial_overlap,402:413,402:405,"and profanely wish'd he might enjoy her but one Night ,",and profanely wish'd,discourse-modality,annotator_b
E-HIST/2_Manually-Segmented/1736 SALMON_segment_1_part_1.tagged.tsv,E-HIST,E_HIST,A3,A5,partial_overlap,402:413,405:413,"and profanely wish'd he might enjoy her but one Night ,","he might enjoy her but one Night ,",discourse-modality,annotator_b
E-HIST/2_Manually-Segmented/1736 SALMON_segment_1_part_1.tagged.tsv,E-HIST,E_HIST,A3,A5,partial_overlap,486:511,486:501,"as when she govern'd by her own Judgment , without the Advice of others , Having surmounted the chiefest Difficulties in Church and State ,","as when she govern'd by her own Judgment , without the Advice of others ,",style-absolute construction,annotator_b
E-HIST/2_Manually-Segmented/1736 SALMON_segment_1_part_1.tagged.tsv,E-HIST,E_HIST,A3,A5,partial_overlap,486:511,501:511,"as when she govern'd by her own Judgment , without the Advice of others , Having surmounted the chiefest Difficulties in Church and State ,","Having surmounted the chiefest Difficulties in Church and State ,",style-absolute construction,annotator_b
E-HIST/2_Manually-Segmented/1736 SALMON_segment_1_part_1.tagged.tsv,E-HIST,E_HIST,A3,A5,partial_overlap,581:582,581:587,Spain,"Spain endeavouring to overflow all ,",other-arbitrary boundary,annotator_b
E-HIST/2_Manually-Segmented/1736 SALMON_segment_1_part_1.tagged.tsv,E-HIST,E_HIST,A3,A5,partial_overlap,582:587,581:587,"endeavouring to overflow all ,","Spain endeavouring to overflow all ,",other-arbitrary boundary,annotator_b
E-HIST/2_Manually-Segmented/1736 SALMON_segment_1_part_1.tagged.tsv,E-HIST,E_HIST,A3,A5,partial_overlap,627:633,627:652,Scotland reliev'd by her Love ;,Scotland reliev'd by her Love ; the Netherlands by her Power ; Portugal 's King by her Bounty ; and Poland by her Commiseration .,style-list,annotator_b
E-HIST/2_Manually-Segmented/1736 SALMON_segment_1_part_1.tagged.tsv,E-HIST,E_HIST,A3,A5,partial_overlap,633:639,627:652,the Netherlands by her Power ;,Scotland reliev'd by her Love ; the Netherlands by her Power ; Portugal 's King by her Bounty ; and Poland by her Commiseration .,style-list,annotator_b
E-HIST/2_Manually-Segmented/1736 SALMON_segment_1_part_1.tagged.tsv,E-HIST,E_HIST,A3,A5,partial_overlap,639:646,627:652,Portugal 's King by her Bounty ;,Scotland reliev'd by her Love ; the Netherlands by her Power ; Portugal 's King by her Bounty ; and Poland by her Commiseration .,style-list,annotator_b
E-HIST/2_Manually-Segmented/1736 SALMON_segment_1_part_1.tagged.tsv,E-HIST,E_HIST,A3,A5,partial_overlap,646:652,627:652,and Poland by her Commiseration .,Scotland reliev'd by her Love ; the Netherlands by her Power ; Portugal 's King by her Bounty ; and Poland by her Commiseration .,style-list,annotator_b
E-HIST/2_Manually-Segmented/1736 SALMON_segment_1_part_1.tagged.tsv,E-HIST,E_HIST,A3,A5,partial_overlap,694:723,694:737,"but it spread further into the more remote Parts of Asia , Africa , and America , among the Turks , the Persians , Barbarians , and Indians ;","but it spread further into the more remote Parts of Asia , Africa , and America , among the Turks , the Persians , Barbarians , and Indians ; in most of whose Dominions , to the great enriching of her Kingdom ,",other-arbitrary boundary,annotator_a
E-HIST/2_Manually-Segmented/1736 SALMON_segment_1_part_1.tagged.tsv,E-HIST,E_HIST,A3,A5,partial_overlap,723:741,694:737,"in most of whose Dominions , to the great enriching of her Kingdom , she settled Commerce ,","but it spread further into the more remote Parts of Asia , Africa , and America , among the Turks , the Persians , Barbarians , and Indians ; in most of whose Dominions , to the great enriching of her Kingdom ,",other-arbitrary boundary,annotator_a
E-HIST/2_Manually-Segmented/1736 SALMON_segment_1_part_1.tagged.tsv,E-HIST,E_HIST,A3,A5,partial_overlap,723:741,737:741,"in most of whose Dominions , to the great enriching of her Kingdom , she settled Commerce ,","she settled Commerce ,",other-arbitrary boundary,annotator_a
E-HIST/2_Manually-Segmented/1736 SALMON_segment_1_part_1.tagged.tsv,E-HIST,E_HIST,A3,A5,partial_overlap,766:794,766:813,"Notwithstanding all the various Excellencies of this Reign , and the admirable Virtues and Qualifications of the Queen herself , we ought not to dismiss her Character ,","Notwithstanding all the various Excellencies of this Reign , and the admirable Virtues and Qualifications of the Queen herself , we ought not to dismiss her Character , without taking notice of the real Spots and Blemishes of the Government both as to Church and State .",style-ellipsis,annotator_a
E-HIST/2_Manually-Segmented/1736 SALMON_segment_1_part_1.tagged.tsv,E-HIST,E_HIST,A3,A5,partial_overlap,794:813,766:813,without taking notice of the real Spots and Blemishes of the Government both as to Church and State .,"Notwithstanding all the various Excellencies of this Reign , and the admirable Virtues and Qualifications of the Queen herself , we ought not to dismiss her Character , without taking notice of the real Spots and Blemishes of the Government both as to Church and State .",style-ellipsis,annotator_a
E-HIST/2_Manually-Segmented/1736 SALMON_segment_1_part_1.tagged.tsv,E-HIST,E_HIST,A3,A5,partial_overlap,874:883,874:894,tho ' some have been lately gloriously restor'd ;,tho ' some have been lately gloriously restor'd ; not to mention several other bold Attempts in this Reign .,syntax-coordinated clause missed,annotator_a
E-HIST/2_Manually-Segmented/1736 SALMON_segment_1_part_1.tagged.tsv,E-HIST,E_HIST,A3,A5,partial_overlap,883:894,874:894,not to mention several other bold Attempts in this Reign .,tho ' some have been lately gloriously restor'd ; not to mention several other bold Attempts in this Reign .,syntax-coordinated clause missed,annotator_a
E-HIST/2_Manually-Segmented/1736 SALMON_segment_1_part_1.tagged.tsv,E-HIST,E_HIST,A3,A5,partial_overlap,1132:1140,1132:1150,"so no Attempt can be too extensive ,","so no Attempt can be too extensive , nor no Enterprize too great for the Female Sex .",style-ellipsis,annotator_a
E-HIST/2_Manually-Segmented/1736 SALMON_segment_1_part_1.tagged.tsv,E-HIST,E_HIST,A3,A5,partial_overlap,1140:1150,1132:1150,nor no Enterprize too great for the Female Sex .,"so no Attempt can be too extensive , nor no Enterprize too great for the Female Sex .",style-ellipsis,annotator_a
E-HIST/2_Manually-Segmented/1736 SALMON_segment_1_part_1.tagged.tsv,E-HIST,E_HIST,A3,A5,partial_overlap,1290:1299,1290:1295,"The Queen order'd all Prisoners to be discharg'd ,",The Queen order'd all Prisoners,non finite-to infinitive,annotator_a
E-HIST/2_Manually-Segmented/1736 SALMON_segment_1_part_1.tagged.tsv,E-HIST,E_HIST,A3,A5,partial_overlap,1290:1299,1295:1299,"The Queen order'd all Prisoners to be discharg'd ,","to be discharg'd ",non finite-to infinitive,annotator_a
E-HIST/2_Manually-Segmented/1736 SALMON_segment_1_part_1.tagged.tsv,E-HIST,E_HIST,A3,A5,partial_overlap,1391:1405,1391:1397,"highly applauded the late Reign , and lamented the present State of Affairs ;","highly applauded the late Reign ,",syntax-coordinated clause missed,annotator_a
E-HIST/2_Manually-Segmented/1736 SALMON_segment_1_part_1.tagged.tsv,E-HIST,E_HIST,A3,A5,partial_overlap,1391:1405,1397:1405,"highly applauded the late Reign , and lamented the present State of Affairs ;",and lamented the present State of Affairs ;,syntax-coordinated clause missed,annotator_a
E-HIST/2_Manually-Segmented/1736 SALMON_segment_1_part_1.tagged.tsv,E-HIST,E_HIST,A3,A5,partial_overlap,1567:1571,1567:1584,"for King Philip ,","for King Philip , on whose Account the English had enter'd into the War with France ,",subordination-relative clause,annotator_a
E-HIST/2_Manually-Segmented/1736 SALMON_segment_1_part_1.tagged.tsv,E-HIST,E_HIST,A3,A5,partial_overlap,1571:1584,1567:1584,"on whose Account the English had enter'd into the War with France ,","for King Philip , on whose Account the English had enter'd into the War with France ,",subordination-relative clause,annotator_a
E-HIST/2_Manually-Segmented/1736 SALMON_segment_1_part_1.tagged.tsv,E-HIST,E_HIST,A3,A5,partial_overlap,1663:1675,1663:1699,"and impowered the Queen to appoint Commissioners to exercise ecclesiastical Jurisdiction ,","and impowered the Queen to appoint Commissioners to exercise ecclesiastical Jurisdiction , and to visit , reform , redress , and correct , all Errors , Heresies , Schisms , and Abuses in the Church .",style-ellipsis,annotator_a
E-HIST/2_Manually-Segmented/1736 SALMON_segment_1_part_1.tagged.tsv,E-HIST,E_HIST,A3,A5,partial_overlap,1675:1699,1663:1699,"and to visit , reform , redress , and correct , all Errors , Heresies , Schisms , and Abuses in the Church .","and impowered the Queen to appoint Commissioners to exercise ecclesiastical Jurisdiction , and to visit , reform , redress , and correct , all Errors , Heresies , Schisms , and Abuses in the Church .",style-ellipsis,annotator_a
E-HIST/2_Manually-Segmented/1736 SALMON_segment_1_part_1.tagged.tsv,E-HIST,E_HIST,A3,A5,partial_overlap,1869:1904,1869:1890,"Upon the passing these Acts , fourteen Bishops , and near two hundred Clergymen more , dignified and not dignified , were depriv'd , for refusing to conform and take the Oath of Supremacy ;","Upon the passing these Acts , fourteen Bishops , and near two hundred Clergymen more , dignified and not dignified ,",syntax-verbless,annotator_a
E-HIST/2_Manually-Segmented/1736 SALMON_segment_1_part_1.tagged.tsv,E-HIST,E_HIST,A3,A5,partial_overlap,1869:1904,1890:1904,"Upon the passing these Acts , fourteen Bishops , and near two hundred Clergymen more , dignified and not dignified , were depriv'd , for refusing to conform and take the Oath of Supremacy ;","were depriv'd , for refusing to conform and take the Oath of Supremacy ;",syntax-verbless,annotator_a
E-HIST/2_Manually-Segmented/1736 SALMON_segment_1_part_1.tagged.tsv,E-HIST,E_HIST,A3,A5,partial_overlap,2072:2089,2072:2087,"But what will remain an eternal Honour to this Queen , and the Reformation , is ,","But what will remain an eternal Honour to this Queen , and the Reformation ,",subordination-relative clause,annotator_a
E-HIST/2_Manually-Segmented/1736 SALMON_segment_1_part_1.tagged.tsv,E-HIST,E_HIST,A3,A5,partial_overlap,2072:2089,2087:2089,"But what will remain an eternal Honour to this Queen , and the Reformation , is ,","is ,",subordination-relative clause,annotator_a
E-HIST/2_Manually-Segmented/1736 SALMON_segment_1_part_1.tagged.tsv,E-HIST,E_HIST,A3,A5,partial_overlap,2089:2104,2089:2128,"that notwithstanding all the barbarous Cruelties exercised upon the Protestants in the last Reign ,","that notwithstanding all the barbarous Cruelties exercised upon the Protestants in the last Reign , they did not endeavour to retaliate Injury for Injury , or Burning for Burning , or use Severities towards any of the Papists ;",syntax-verbless,annotator_b
E-HIST/2_Manually-Segmented/1736 SALMON_segment_1_part_1.tagged.tsv,E-HIST,E_HIST,A3,A5,partial_overlap,2104:2128,2089:2128,"they did not endeavour to retaliate Injury for Injury , or Burning for Burning , or use Severities towards any of the Papists ;","that notwithstanding all the barbarous Cruelties exercised upon the Protestants in the last Reign , they did not endeavour to retaliate Injury for Injury , or Burning for Burning , or use Severities towards any of the Papists ;",syntax-verbless,annotator_b
E-HIST/2_Manually-Segmented/1736 SALMON_segment_1_part_1.tagged.tsv,E-HIST,E_HIST,A3,A5,partial_overlap,2162:2187,2162:2182,"The rest , with the Nuns and Religious , had liberty to go out of England , or stay , as they saw fit .","The rest , with the Nuns and Religious , had liberty to go out of England , or stay ,",subordination-comparison,annotator_b
E-HIST/2_Manually-Segmented/1736 SALMON_segment_1_part_1.tagged.tsv,E-HIST,E_HIST,A3,A5,partial_overlap,2162:2187,2182:2187,"The rest , with the Nuns and Religious , had liberty to go out of England , or stay , as they saw fit .",as they saw fit .,subordination-comparison,annotator_b
E-HIST/2_Manually-Segmented/1736 SALMON_segment_1_part_1.tagged.tsv,E-HIST,E_HIST,A3,A5,partial_overlap,2309:2327,2309:2317,"The Parliament dreading another Alteration in Religion , if the Queen should happen to die without Issue ,","The Parliament dreading another Alteration in Religion ,",style-absolute construction,annotator_b
E-HIST/2_Manually-Segmented/1736 SALMON_segment_1_part_1.tagged.tsv,E-HIST,E_HIST,A3,A5,partial_overlap,2309:2327,2317:2327,"The Parliament dreading another Alteration in Religion , if the Queen should happen to die without Issue ,","if the Queen should happen to die without Issue ,",style-absolute construction,annotator_b
E-HIST/2_Manually-Segmented/1736 SALMON_segment_1_part_1.tagged.tsv,E-HIST,E_HIST,A3,A5,partial_overlap,2369:2379,2369:2387,"as she did particularly from the Duke of Anjou ,","as she did particularly from the Duke of Anjou , and afterwards from the Duke of Alencon ,",style-ellipsis,annotator_a
E-HIST/2_Manually-Segmented/1736 SALMON_segment_1_part_1.tagged.tsv,E-HIST,E_HIST,A3,A5,partial_overlap,2379:2387,2369:2387,"and afterwards from the Duke of Alencon ,","as she did particularly from the Duke of Anjou , and afterwards from the Duke of Alencon ,",style-ellipsis,annotator_a
E-HIST/2_Manually-Segmented/1736 SALMON_segment_1_part_1.tagged.tsv,E-HIST,E_HIST,A3,A5,partial_overlap,2387:2392,2387:2398,"who came into England ,","who came into England , and made his Addresses personally ;",syntax-coordinated clause missed,annotator_a
E-HIST/2_Manually-Segmented/1736 SALMON_segment_1_part_1.tagged.tsv,E-HIST,E_HIST,A3,A5,partial_overlap,2392:2398,2387:2398,and made his Addresses personally ;,"who came into England , and made his Addresses personally ;",syntax-coordinated clause missed,annotator_a
E-HIST/2_Manually-Segmented/1736 SALMON_segment_1_part_1.tagged.tsv,E-HIST,E_HIST,A3,A5,partial_overlap,2492:2501,2492:2493,"plunder'd and rifled the churches and religious Houses ,",plunder'd,style-ellipsis,annotator_b
E-HIST/2_Manually-Segmented/1736 SALMON_segment_1_part_1.tagged.tsv,E-HIST,E_HIST,A3,A5,partial_overlap,2492:2501,2493:2501,"plunder'd and rifled the churches and religious Houses ,","and rifled the churches and religious Houses ,",style-ellipsis,annotator_b
E-HIST/2_Manually-Segmented/1736 SALMON_segment_1_part_1.tagged.tsv,E-HIST,E_HIST,A3,A5,partial_overlap,2632:2640,2632:2650,"But the Queen Regent soon after dying ,","But the Queen Regent soon after dying , and the Dauphin coming to be King of France ,",style-absolute construction,annotator_a
E-HIST/2_Manually-Segmented/1736 SALMON_segment_1_part_1.tagged.tsv,E-HIST,E_HIST,A3,A5,partial_overlap,2640:2650,2632:2650,"and the Dauphin coming to be King of France ,","But the Queen Regent soon after dying , and the Dauphin coming to be King of France ,",style-absolute construction,annotator_a
E-HIST/2_Manually-Segmented/1736 SALMON_segment_1_part_1.tagged.tsv,E-HIST,E_HIST,A3,A5,partial_overlap,2748:2752,2748:2764,"and Queen Elizabeth ,","and Queen Elizabeth , by this seasonable Assistance she had given the Protestants of Scotland ,",other-arbitrary boundary,annotator_a
E-HIST/2_Manually-Segmented/1736 SALMON_segment_1_part_1.tagged.tsv,E-HIST,E_HIST,A3,A5,partial_overlap,2752:2764,2748:2764,"by this seasonable Assistance she had given the Protestants of Scotland ,","and Queen Elizabeth , by this seasonable Assistance she had given the Protestants of Scotland ,",other-arbitrary boundary,annotator_a
E-HIST/2_Manually-Segmented/1736 SALMON_segment_1_part_1.tagged.tsv,E-HIST,E_HIST,A3,A5,partial_overlap,2804:2818,2804:2827,"she was compell'd , for her own Preservation , to enter into Alliances ,","she was compell'd , for her own Preservation , to enter into Alliances , and support all the Protestant Powers in Europe ,",other-arbitrary boundary,annotator_b
E-HIST/2_Manually-Segmented/1736 SALMON_segment_1_part_1.tagged.tsv,E-HIST,E_HIST,A3,A5,partial_overlap,2818:2833,2804:2827,"and support all the Protestant Powers in Europe , whether legally or illegally establish'd .","she was compell'd , for her own Preservation , to enter into Alliances , and support all the Protestant Powers in Europe ,",other-arbitrary boundary,annotator_b
E-HIST/2_Manually-Segmented/1736 SALMON_segment_1_part_1.tagged.tsv,E-HIST,E_HIST,A3,A5,partial_overlap,2818:2833,2827:2833,"and support all the Protestant Powers in Europe , whether legally or illegally establish'd .",whether legally or illegally establish'd .,subordination-relative clause,annotator_b
E-HIST/2_Manually-Segmented/1736 SALMON_segment_1_part_1.tagged.tsv,E-HIST,E_HIST,A3,A5,partial_overlap,2833:2852,2833:2863,"She certainly did not do it with any Intention to countenance the Rebellion of Subjects against their Sovereign ,","She certainly did not do it with any Intention to countenance the Rebellion of Subjects against their Sovereign , but purely to preserve herself and her People from that Destruction",style-ellipsis,annotator_a
E-HIST/2_Manually-Segmented/1736 SALMON_segment_1_part_1.tagged.tsv,E-HIST,E_HIST,A3,A5,partial_overlap,2852:2873,2833:2863,but purely to preserve herself and her People from that Destruction which the Pope and his Allies were continually contriving .,"She certainly did not do it with any Intention to countenance the Rebellion of Subjects against their Sovereign , but purely to preserve herself and her People from that Destruction",style-ellipsis,annotator_a
E-HIST/2_Manually-Segmented/1736 SALMON_segment_1_part_1.tagged.tsv,E-HIST,E_HIST,A3,A5,partial_overlap,2852:2873,2863:2873,but purely to preserve herself and her People from that Destruction which the Pope and his Allies were continually contriving .,which the Pope and his Allies were continually contriving .,subordination-relative clause,annotator_a
E-HIST/2_Manually-Segmented/1736 SALMON_segment_1_part_1.tagged.tsv,E-HIST,E_HIST,A3,A5,partial_overlap,3011:3029,3011:3021,looking upon this Kingdom as a Refuge for all Sects that differ'd from the Church of Rome ;,looking upon this Kingdom as a Refuge for all Sects,subordination-relative clause,annotator_b
E-HIST/2_Manually-Segmented/1736 SALMON_segment_1_part_1.tagged.tsv,E-HIST,E_HIST,A3,A5,partial_overlap,3011:3029,3021:3029,looking upon this Kingdom as a Refuge for all Sects that differ'd from the Church of Rome ;,that differ'd from the Church of Rome ;,subordination-relative clause,annotator_b
E-HIST/2_Manually-Segmented/1736 SALMON_segment_1_part_1.tagged.tsv,E-HIST,E_HIST,A3,A5,partial_overlap,3066:3075,3066:3069,"She also increas'd and repair'd the royal Navy ,",She also increas'd,style-ellipsis,annotator_b
E-HIST/2_Manually-Segmented/1736 SALMON_segment_1_part_1.tagged.tsv,E-HIST,E_HIST,A3,A5,partial_overlap,3066:3075,3069:3075,"She also increas'd and repair'd the royal Navy ,","and repair'd the royal Navy ,",style-ellipsis,annotator_b
E-HIST/2_Manually-Segmented/1736 SALMON_segment_1_part_1.tagged.tsv,E-HIST,E_HIST,A3,A5,partial_overlap,3342:3363,3342:3350,"and besieged Havre de Grace and the Queen having no Inclination to enter into a War with the whole Kingdom ,",and besieged Havre de Grace and the Queen,style-absolute construction,annotator_b
E-HIST/2_Manually-Segmented/1736 SALMON_segment_1_part_1.tagged.tsv,E-HIST,E_HIST,A3,A5,partial_overlap,3342:3363,3350:3363,"and besieged Havre de Grace and the Queen having no Inclination to enter into a War with the whole Kingdom ,","having no Inclination to enter into a War with the whole Kingdom ,",style-absolute construction,annotator_b
E-HIST/2_Manually-Segmented/1736 SALMON_segment_1_part_1.tagged.tsv,E-HIST,E_HIST,A3,A5,partial_overlap,3363:3389,3363:3381,"sent Orders to her Governor , the Earl of Warwick , to surrender the Town upon Terms , and return to England with his Garrison ;","sent Orders to her Governor , the Earl of Warwick , to surrender the Town upon Terms ,",non finite-to infinitive,annotator_a
E-HIST/2_Manually-Segmented/1736 SALMON_segment_1_part_1.tagged.tsv,E-HIST,E_HIST,A3,A5,partial_overlap,3363:3389,3381:3389,"sent Orders to her Governor , the Earl of Warwick , to surrender the Town upon Terms , and return to England with his Garrison ;",and return to England with his Garrison ;,non finite-to infinitive,annotator_a
E-HIST/2_Manually-Segmented/1736 SALMON_segment_1_part_1.tagged.tsv,E-HIST,E_HIST,A3,A5,partial_overlap,3389:3401,3389:3393,"which he did , and unfortunately brought the Plague with him ,","which he did ,",syntax-coordinated clause missed,annotator_b
E-HIST/2_Manually-Segmented/1736 SALMON_segment_1_part_1.tagged.tsv,E-HIST,E_HIST,A3,A5,partial_overlap,3389:3401,3393:3401,"which he did , and unfortunately brought the Plague with him ,","and unfortunately brought the Plague with him ,",syntax-coordinated clause missed,annotator_b